{
	"credit": "Made By WantedRobot",
	"ambientocclusion": false,
	"textures": {
		"particle": "#top"
	},
	"elements": [
		{
			"from": [0, 0, 0],
			"to": [3, 16, 16],
			"faces": {
				"north": {"uv": [9, 0, 6, 16], "texture": "#sides", "cullface": "north"},
				"east": {"uv": [0, 0, 16, 16], "texture": "#top"},
				"south": {"uv": [6, 0, 9, 16], "texture": "#sides", "cullface": "south"},
				"west": {"uv": [16, 0, 0, 16], "texture": "#top", "cullface": "west"},
				"up": {"uv": [0, 0, 3, 16], "texture": "#sides", "cullface": "up"},
				"down": {"uv": [9, 0, 12, 16], "texture": "#sides"}
			}
		}
	]
}