{
	"credit": "Made By WantedRobot",
	"ambientocclusion": false,
	"textures": {
		"edge": "block/glass_pane_top",
		"particle": "block/glass"
	},
	"elements": [
		{
			"from": [7, 0, 7],
			"to": [9, 16, 9],
			"faces": {
				"north": {"uv": [7, 0, 9, 16], "texture": "#edge"},
				"east": {"uv": [7, 0, 9, 16], "texture": "#edge"},
				"south": {"uv": [7, 0, 9, 16], "texture": "#edge"},
				"west": {"uv": [7, 0, 9, 16], "texture": "#edge"},
				"up": {"uv": [9, 0, 11, 2], "texture": "#edge"},
				"down": {"uv": [9, 0, 11, 2], "texture": "#edge"}
			}
		}
	]
}