{ "textures": {
    "0": "block/granite_wall"
  },
  "elements": [
    { "from": [5, 0, 0],
      "to": [11, 2, 16],
      "faces": {
        "north": {"uv": [5, 15, 8, 16], "texture": "#0", "cullface": "north"},
        "east": {"uv": [9, 8, 8, 16], "rotation": 90, "texture": "#0"},
        "south": {"uv": [5, 15, 8, 16], "texture": "#0", "cullface": "south"},
        "west": {"uv": [8, 8, 9, 16], "rotation": 270, "texture": "#0"},
        "up": {"uv": [9, 8, 12, 16], "texture": "#0"},
        "down": {"uv": [10, 0, 13, 8], "texture": "#0"}
      }
    },
    { "from": [5, 11, 0],
      "to": [11, 13, 16],
      "faces": {
        "north": {"uv": [5, 14, 8, 15], "texture": "#0", "cullface": "north"},
        "east": {"uv": [12, 16, 13, 8], "rotation": 270, "texture": "#0"},
        "south": {"uv": [5, 14, 8, 15], "texture": "#0", "cullface": "south"},
        "west": {"uv": [12, 8, 13, 16], "rotation": 270, "texture": "#0"},
        "up": {"uv": [13, 8, 16, 16], "texture": "#0"},
        "down": {"uv": [13, 0, 16, 8], "texture": "#0"}
      }
    },
    { "from": [6, 2, 14],
      "to": [10, 11, 16],
      "faces": {
        "north": {"uv": [0, 14, 4.5, 16], "rotation": 90, "texture": "#0"},
        "east": {"uv": [7, 5, 8, 9.5], "texture": "#0"},
        "south": {"uv": [0, 14, 4.5, 16], "rotation": 90, "texture": "#0", "cullface": "south"},
        "west": {"uv": [5, 9.5, 6, 14], "texture": "#0"}
      }
    },
    { "from": [6, 2, 6],
      "to": [10, 11, 10],
      "faces": {
        "north": {"uv": [0, 14, 4.5, 16], "rotation": 90, "texture": "#0"},
        "east": {"uv": [5, 9.5, 7, 14], "texture": "#0"},
        "south": {"uv": [0, 14, 4.5, 16], "rotation": 90, "texture": "#0"},
        "west": {"uv": [6, 5, 8, 9.5], "texture": "#0"}
      }
    },
    { "from": [6, 2, 0],
      "to": [10, 11, 2],
      "faces": {
        "north": {"uv": [0, 14, 4.5, 16], "rotation": 90, "texture": "#0", "cullface": "north"},
        "east": {"uv": [6, 5, 7, 9.5], "texture": "#0"},
        "south": {"uv": [0, 14, 4.5, 16], "rotation": 90, "texture": "#0"},
        "west": {"uv": [6, 9.5, 7, 14], "texture": "#0"}
      }
    }
  ]
}