{
	"credit": "Made with Blockbench",
	"textures": {
		"0": "block/grindstone_wheel",
		"particle": "block/grindstone_wheel"
	},
	"elements": [
		{
			"from": [5, 2, 6],
			"to": [11, 14, 10],
			"faces": {
				"north": {"uv": [7, 0.5, 10, 6.5], "texture": "#0"},
				"east": {"uv": [2.5, 0.5, 4.5, 6.5], "texture": "#0"},
				"south": {"uv": [7, 0.5, 10, 6.5], "texture": "#0"},
				"west": {"uv": [2.5, 0.5, 4.5, 6.5], "texture": "#0"},
				"up": {"uv": [7, 2.5, 10, 4.5], "texture": "#0"},
				"down": {"uv": [7, 2.5, 10, 4.5], "texture": "#0"}
			}
		},
		{
			"from": [5, 2.5, 5],
			"to": [11, 13.5, 11],
			"faces": {
				"north": {"uv": [7, 0.75, 10, 6.25], "texture": "#0"},
				"east": {"uv": [2, 0.75, 5, 6.25], "texture": "#0"},
				"south": {"uv": [7, 0.75, 10, 6.25], "texture": "#0"},
				"west": {"uv": [2, 0.75, 5, 6.25], "texture": "#0"},
				"up": {"uv": [7, 2, 10, 5], "texture": "#0"},
				"down": {"uv": [7, 2, 10, 5], "texture": "#0"}
			}
		},
		{
			"from": [5, 3, 4],
			"to": [11, 13, 12],
			"faces": {
				"north": {"uv": [7, 1, 10, 6], "texture": "#0"},
				"east": {"uv": [1.5, 1, 5.5, 6], "texture": "#0"},
				"south": {"uv": [7, 1, 10, 6], "texture": "#0"},
				"west": {"uv": [1.5, 1, 5.5, 6], "texture": "#0"},
				"up": {"uv": [7, 1.5, 10, 5.5], "texture": "#0"},
				"down": {"uv": [7, 1.5, 10, 5.5], "texture": "#0"}
			}
		},
		{
			"from": [5, 3.5, 3.5],
			"to": [11, 12.5, 12.5],
			"faces": {
				"north": {"uv": [7, 1.25, 10, 5.75], "texture": "#0"},
				"east": {"uv": [1.25, 1.25, 5.75, 5.75], "texture": "#0"},
				"south": {"uv": [7, 1.25, 10, 5.75], "texture": "#0"},
				"west": {"uv": [1.25, 1.25, 5.75, 5.75], "texture": "#0"},
				"up": {"uv": [7, 1.25, 10, 5.75], "texture": "#0"},
				"down": {"uv": [7, 1.25, 10, 5.75], "texture": "#0"}
			}
		},
		{
			"from": [5, 4, 3],
			"to": [11, 12, 13],
			"faces": {
				"north": {"uv": [7, 1.5, 10, 5.5], "texture": "#0"},
				"east": {"uv": [1, 1.5, 6, 5.5], "texture": "#0"},
				"south": {"uv": [7, 1.5, 10, 5.5], "texture": "#0"},
				"west": {"uv": [1, 1.5, 6, 5.5], "texture": "#0"},
				"up": {"uv": [7, 1, 10, 6], "texture": "#0"},
				"down": {"uv": [7, 1, 10, 6], "texture": "#0"}
			}
		},
		{
			"from": [5, 5, 2.5],
			"to": [11, 11, 13.5],
			"faces": {
				"north": {"uv": [7, 2, 10, 5], "texture": "#0"},
				"east": {"uv": [0.75, 2, 6.25, 5], "texture": "#0"},
				"south": {"uv": [7, 2, 10, 5], "texture": "#0"},
				"west": {"uv": [0.75, 2, 6.25, 5], "texture": "#0"},
				"up": {"uv": [7, 0.75, 10, 6.25], "texture": "#0"},
				"down": {"uv": [7, 0.75, 10, 6.25], "texture": "#0"}
			}
		},
		{
			"from": [5, 6, 2],
			"to": [11, 10, 14],
			"faces": {
				"north": {"uv": [7, 2.5, 10, 4.5], "texture": "#0"},
				"east": {"uv": [0.5, 2.5, 6.5, 4.5], "texture": "#0"},
				"south": {"uv": [7, 2.5, 10, 4.5], "texture": "#0"},
				"west": {"uv": [0.5, 2.5, 6.5, 4.5], "texture": "#0"},
				"up": {"uv": [7, 0.5, 10, 6.5], "texture": "#0"},
				"down": {"uv": [7, 0.5, 10, 6.5], "texture": "#0"}
			}
		},
		{
			"from": [11, 10, 6.5],
			"to": [13, 10.5, 9.5],
			"faces": {
				"north": {"uv": [6.5, 7, 7.5, 7.25], "texture": "#0"},
				"east": {"uv": [1, 7, 2.5, 7.25], "texture": "#0"},
				"south": {"uv": [6.5, 7, 7.5, 7.25], "texture": "#0"},
				"up": {"uv": [3.5, 8.75, 4.5, 10.25], "texture": "#0"}
			}
		},
		{
			"from": [11, 9.5, 6],
			"to": [13, 10, 10],
			"faces": {
				"north": {"uv": [6.5, 7.25, 7.5, 7.5], "texture": "#0"},
				"east": {"uv": [0.75, 7.25, 2.75, 7.45], "texture": "#0"},
				"south": {"uv": [6.5, 7.25, 7.5, 7.5], "texture": "#0"},
				"up": {"uv": [3.5, 8.5, 4.5, 10.5], "texture": "#0"}
			}
		},
		{
			"from": [11, 0, 5.5],
			"to": [13, 9.5, 10.5],
			"faces": {
				"north": {"uv": [6.5, 7.5, 7.5, 12.5], "texture": "#0"},
				"east": {"uv": [0.5, 7.5, 3, 12.5], "texture": "#0"},
				"south": {"uv": [6.5, 7.5, 7.5, 12.5], "texture": "#0"},
				"west": {"uv": [3.5, 7.5, 6, 12.5], "texture": "#0"},
				"up": {"uv": [3.5, 8.25, 4.5, 10.75], "texture": "#0"},
				"down": {"uv": [5, 8.25, 6, 10.75], "texture": "#0"}
			}
		},
		{
			"from": [3, 10, 6.5],
			"to": [5, 10.5, 9.5],
			"faces": {
				"north": {"uv": [6.5, 7, 7.5, 7.25], "texture": "#0"},
				"south": {"uv": [6.5, 7, 7.5, 7.25], "texture": "#0"},
				"west": {"uv": [1, 7, 2.5, 7.25], "texture": "#0"},
				"up": {"uv": [3.5, 8.75, 4.5, 10.25], "texture": "#0"}
			}
		},
		{
			"from": [3, 9.5, 6],
			"to": [5, 10, 10],
			"faces": {
				"north": {"uv": [6.5, 7.25, 7.5, 7.5], "texture": "#0"},
				"south": {"uv": [6.5, 7.25, 7.5, 7.5], "texture": "#0"},
				"west": {"uv": [0.75, 7.25, 2.75, 7.5], "texture": "#0"},
				"up": {"uv": [3.5, 8.5, 4.5, 10.5], "texture": "#0"}
			}
		},
		{
			"from": [3, 0, 5.5],
			"to": [5, 9.5, 10.5],
			"faces": {
				"north": {"uv": [6.5, 7.5, 7.5, 12.5], "texture": "#0"},
				"east": {"uv": [3.5, 7.5, 6, 12.5], "texture": "#0"},
				"south": {"uv": [6.5, 7.5, 7.5, 12.5], "texture": "#0"},
				"west": {"uv": [0.5, 7.5, 3, 12.5], "texture": "#0"},
				"up": {"uv": [3.5, 8.25, 4.5, 10.75], "texture": "#0"},
				"down": {"uv": [5, 8.25, 6, 10.75], "texture": "#0"}
			}
		}
	],
	"display": {
		"thirdperson_righthand": {
			"rotation": [-18.5, 0, 0],
			"translation": [0, 2, 0],
			"scale": [0.5, 0.5, 0.5]
		},
		"thirdperson_lefthand": {
			"rotation": [-18.5, 0, 0],
			"translation": [0, 2, 0],
			"scale": [0.5, 0.5, 0.5]
		},
		"firstperson_righthand": {
			"rotation": [0, 15.5, 0],
			"translation": [0.5, 1, 2],
			"scale": [0.5, 0.75, 0.5]
		},
		"firstperson_lefthand": {
			"rotation": [0, 15.5, 0],
			"translation": [0.5, 1, 2],
			"scale": [0.5, 0.75, 0.5]
		},
		"ground": {
			"scale": [0.3, 0.3, 0.3]
		},
		"gui": {
			"rotation": [0, 90, 0],
			"translation": [0, 1, 0]
		},
		"head": {
			"translation": [0, 3.5, 0]
		},
		"fixed": {
			"rotation": [0, 90, 0],
			"translation": [0, 1, 1.5]
		}
	},
	"groups": [
		{
			"name": "grindstone",
			"children": [
				{
					"name": "grindstone_wheel",
					"children": [0, 1, 2, 3, 4, 5, 6]
				},
				{
					"name": "grindstone_legs",
					"children": [7, 8, 9, 10, 11, 12]
				}
			]
		}
	]
}