{"__comment":"Designed_by_Handsomedan_with_BDcraft_Cubik_PRO_0.85_Beta_-_http://bdcraft.net","textures":{"particle":"block/item_frame_back","texture":"block/item_frame_front","item_frame_sides":"block/item_frame_sides","item_frame_sides_2":"block/item_frame_sides_2"},"elements":[{"from":[0,0,15.5],"to":[16,16,16],"faces":{"down":{"uv":[0,16,16,15.5],"rotation":180,"texture":"#texture"},"up":{"uv":[0,15.5,16,16],"rotation":180,"texture":"#texture"},"north":{"uv":[0,0,16,16],"texture":"#texture"},"south":{"uv":[0,0,16,16],"texture":"#particle"},"west":{"uv":[15.5,0,16,16],"texture":"#texture"},"east":{"uv":[15.5,0,16,16],"texture":"#texture"}}},{"from":[14,0,14],"to":[16,16,15.5],"faces":{"down":{"uv":[0,5.5,2,4],"rotation":180,"texture":"#item_frame_sides_2"},"up":{"uv":[0,8.5,2,10],"rotation":180,"texture":"#item_frame_sides_2"},"north":{"uv":[0,0,2,16],"texture":"#texture"},"south":{"uv":[14,0,16,16],"texture":"#texture"},"west":{"uv":[7,0,8.5,16],"texture":"#item_frame_sides"},"east":{"uv":[4.5,0,6,16],"texture":"#item_frame_sides"}}},{"from":[0,0,14],"to":[2,16,15.5],"faces":{"down":{"uv":[14,5.5,16,4],"rotation":180,"texture":"#item_frame_sides_2"},"up":{"uv":[14,8.5,16,10],"rotation":180,"texture":"#item_frame_sides_2"},"north":{"uv":[14,0,16,16],"texture":"#texture"},"south":{"uv":[0,0,2,16],"texture":"#texture"},"west":{"uv":[6,0,7.5,16],"texture":"#item_frame_sides"},"east":{"uv":[7.5,0,9,16],"texture":"#item_frame_sides"}}},{"from":[2,14,14],"to":[14,16,15.5],"faces":{"down":{"uv":[2,9,14,7.5],"rotation":180,"texture":"#item_frame_sides_2"},"up":{"uv":[2,8.5,14,10],"rotation":180,"texture":"#item_frame_sides_2"},"north":{"uv":[2,0,14,2],"texture":"#texture"},"south":{"uv":[2,0,14,2],"texture":"#texture"},"west":{"uv":[14,0,15.5,2],"texture":"#texture"},"east":{"uv":[0.5,0,2,2],"texture":"#texture"}}},{"from":[2,0,14],"to":[14,2.5,15.5],"faces":{"down":{"uv":[2,5.5,14,4],"rotation":180,"texture":"#item_frame_sides_2"},"up":{"uv":[2,7.5,14,9],"rotation":180,"texture":"#item_frame_sides_2"},"north":{"uv":[2,13.5,14,16],"texture":"#texture"},"south":{"uv":[2,13.5,14,16],"texture":"#texture"},"west":{"uv":[14,13.5,15.5,16],"texture":"#texture"},"east":{"uv":[0.5,13.5,2,16],"texture":"#texture"}}},{"from":[2,2,15],"to":[14,14,15.5],"faces":{"down":{"uv":[2,1,14,0.5],"rotation":180,"texture":"#texture"},"up":{"uv":[2,0.5,14,1],"rotation":180,"texture":"#texture"},"north":{"uv":[2,2,14,14],"texture":"#texture"},"south":{"uv":[2,2,14,14],"texture":"#texture"},"west":{"uv":[15,2,15.5,14],"texture":"#texture"},"east":{"uv":[0.5,2,1,14],"texture":"#texture"}}}]}
