{"credit":"Made_with_Blockbench,_model_by_LTK1","ambientocclusion":false,"textures":{"ladder":"block/ladder","particle":"block/ladder"},"elements":[{"name":"cube","from":[2,0,15],"to":[4,16,16],"faces":{"north":{"uv":[12.032,0.032,13.968,15.968],"texture":"#ladder"},"east":{"uv":[2.032,0.032,2.968,15.968],"texture":"#ladder"},"south":{"uv":[2.032,0.032,3.968,15.968],"texture":"#ladder"},"west":{"uv":[13.032,0.032,13.968,15.968],"texture":"#ladder"},"up":{"uv":[2.032,15.032,3.968,15.968],"texture":"#ladder"},"down":{"uv":[13.968,15.968,12.032,15.032],"texture":"#ladder"}},"type":"cube"},{"name":"cube","from":[12,0,15],"to":[14,16,16],"faces":{"north":{"uv":[2.032,0.032,3.968,15.968],"texture":"#ladder"},"east":{"uv":[2.032,0.032,2.968,15.968],"texture":"#ladder"},"south":{"uv":[12.032,0.032,13.968,15.968],"texture":"#ladder"},"west":{"uv":[13.032,0.032,13.968,15.968],"texture":"#ladder"},"up":{"uv":[12.032,15.032,13.968,15.968],"texture":"#ladder"},"down":{"uv":[3.968,15.968,2.032,15.032],"texture":"#ladder"}},"type":"cube"},{"name":"steg","from":[1.5,10.5,14.5],"to":[14.5,13,15.5],"faces":{"north":{"uv":[1.532,3.032,14.468,5.468],"texture":"#ladder"},"east":{"uv":[1.532,3.032,1.968,5.468],"texture":"#ladder"},"south":{"uv":[1.5318750381469726,3.0318748474121096,14.467499732971191,5.467499923706055],"texture":"#ladder"},"west":{"uv":[14.032,3.032,14.468,5.468],"texture":"#ladder"},"up":{"uv":[1.532,4.532,14.468,5.468],"texture":"#ladder"},"down":{"uv":[1.532,3.032,14.468,3.968],"texture":"#ladder"}},"type":"cube"},{"name":"steg","from":[1,11,14.5],"to":[15,12.5,15.51],"faces":{"north":{"uv":[1.0318750381469726,3.5318748474121096,14.967499732971191,4.967499828338623],"texture":"#ladder"},"east":{"uv":[1.032,3.532,1.9356249809265136,4.935624980926514],"texture":"#ladder"},"south":{"uv":[1.0318750381469726,3.5318748474121096,14.967499732971191,4.967499828338623],"texture":"#ladder"},"west":{"uv":[14.032,3.532,14.968,4.968],"texture":"#ladder"},"up":{"uv":[1.5318750381469726,3.0318748474121096,14.467499732971191,3.967499828338623],"texture":"#ladder"},"down":{"uv":[1.532,3.032,14.468,3.968],"texture":"#ladder"}},"type":"cube"},{"name":"steg","from":[1,3,14.5],"to":[15,4.5,15.51],"faces":{"north":{"uv":[1.032,11.532,14.935624694824218,12.935624980926514],"texture":"#ladder"},"east":{"uv":[1.032,3.532,1.9356249809265136,4.935624980926514],"texture":"#ladder"},"south":{"uv":[1.0318750381469726,3.5318748474121096,14.967499732971191,4.967499828338623],"texture":"#ladder"},"west":{"uv":[14.032,3.532,14.968,4.968],"texture":"#ladder"},"up":{"uv":[1.5318750381469726,3.0318748474121096,14.467499732971191,3.967499828338623],"texture":"#ladder"},"down":{"uv":[1.532,3.032,14.468,3.968],"texture":"#ladder"}},"type":"cube"},{"name":"steg","from":[1.5,2.5,14.5],"to":[14.5,5,15.5],"faces":{"north":{"uv":[1.532,11.032,14.468,13.468],"texture":"#ladder"},"east":{"uv":[1.532,3.032,1.968,5.468],"texture":"#ladder"},"south":{"uv":[1.5318750381469726,3.0318748474121096,14.467499732971191,5.467499923706055],"texture":"#ladder"},"west":{"uv":[14.032,3.032,14.468,5.468],"texture":"#ladder"},"up":{"uv":[1.532,4.532,14.468,5.468],"texture":"#ladder"},"down":{"uv":[1.532,3.032,14.468,3.968],"texture":"#ladder"}},"type":"cube"}]}
