{
	"credit": "Made By WantedRobot",
	"ambientocclusion": false,
	"textures": {
		"base": "block/lever_base",
		"particle": "block/lever_base",
		"lever": "block/lever"
	},
	"elements": [
		{
			"from": [9, 0, 4],
			"to": [11, 3, 12],
			"faces": {
				"north": {"uv": [1, 0, 3, 3], "texture": "#base"},
				"east": {"uv": [0, 13, 8, 16], "texture": "#base"},
				"south": {"uv": [5, 0, 7, 3], "texture": "#base"},
				"west": {"uv": [4, 13, 12, 16], "texture": "#base"},
				"up": {"uv": [1, 4, 3, 12], "texture": "#base"},
				"down": {"uv": [5.5, 4, 7, 12], "texture": "#base"}
			}
		},
		{
			"from": [5, 0, 4],
			"to": [7, 3, 12],
			"faces": {
				"north": {"uv": [5, 0, 7, 3], "texture": "#base"},
				"east": {"uv": [4, 13, 12, 16], "texture": "#base"},
				"south": {"uv": [1, 0, 3, 3], "texture": "#base"},
				"west": {"uv": [0, 13, 8, 16], "texture": "#base"},
				"up": {"uv": [5, 4, 7, 12], "texture": "#base"},
				"down": {"uv": [1, 4, 2.5, 12], "texture": "#base"}
			}
		},
		{
			"from": [7.5, 1, 7.5],
			"to": [8.5, 10.5, 8.5],
			"rotation": {"angle": -45, "axis": "x", "origin": [8, 1, 8]},
			"faces": {
				"north": {"uv": [7.5, 6.5, 8.5, 16], "texture": "#lever"},
				"east": {"uv": [7.5, 6.5, 8.5, 16], "texture": "#lever"},
				"south": {"uv": [7.5, 6.5, 8.5, 16], "texture": "#lever"},
				"west": {"uv": [7.5, 6.5, 8.5, 16], "texture": "#lever"},
				"up": {"uv": [7.5, 6.5, 8.5, 7.5], "texture": "#lever"},
				"down": {"uv": [7, 6, 9, 8], "texture": "#lever"}
			}
		},
		{
			"from": [7.25, 7, 7.25],
			"to": [8.75, 8.5, 8.75],
			"rotation": {"angle": -45, "axis": "x", "origin": [8, 1, 8]},
			"faces": {
				"north": {"uv": [7, 8.5, 9, 10], "texture": "#lever"},
				"east": {"uv": [7, 8.5, 9, 10], "texture": "#lever"},
				"south": {"uv": [7, 8.5, 9, 10], "texture": "#lever"},
				"west": {"uv": [7, 8.5, 9, 10], "texture": "#lever"},
				"up": {"uv": [7, 8.5, 9, 10], "texture": "#lever"},
				"down": {"uv": [7, 8.5, 9, 10], "texture": "#lever"}
			}
		},
		{
			"from": [7.25, 3.5, 7.25],
			"to": [8.75, 5, 8.75],
			"rotation": {"angle": -45, "axis": "x", "origin": [8, 1, 8]},
			"faces": {
				"north": {"uv": [7, 12, 9, 13.5], "texture": "#lever"},
				"east": {"uv": [7, 12, 9, 13.5], "texture": "#lever"},
				"south": {"uv": [7, 12, 9, 13.5], "texture": "#lever"},
				"west": {"uv": [7, 12, 9, 13.5], "texture": "#lever"},
				"up": {"uv": [7, 8.5, 9, 10], "texture": "#lever"},
				"down": {"uv": [7, 8.5, 9, 10], "texture": "#lever"}
			}
		},
		{
			"from": [7.25, 9.5, 7.25],
			"to": [8.75, 11, 8.75],
			"rotation": {"angle": -45, "axis": "x", "origin": [8, 1, 8]},
			"faces": {
				"north": {"uv": [7, 8.5, 9, 10], "texture": "#lever"},
				"east": {"uv": [7, 8.5, 9, 10], "texture": "#lever"},
				"south": {"uv": [7, 8.5, 9, 10], "texture": "#lever"},
				"west": {"uv": [7, 8.5, 9, 10], "texture": "#lever"},
				"up": {"uv": [7, 8.5, 9, 10], "texture": "#lever"},
				"down": {"uv": [7, 8.5, 9, 10], "texture": "#lever"}
			}
		},
		{
			"from": [7.5, 11, 7.5],
			"to": [8.5, 11.75, 8.5],
			"rotation": {"angle": -45, "axis": "x", "origin": [8, 1, 8]},
			"faces": {
				"north": {"uv": [7.5, 6.5, 8.5, 7.5], "texture": "#lever"},
				"east": {"uv": [7.5, 6.5, 8.5, 7.5], "texture": "#lever"},
				"south": {"uv": [7.5, 6.5, 8.5, 7.5], "texture": "#lever"},
				"west": {"uv": [7.5, 6.5, 8.5, 7.5], "texture": "#lever"},
				"up": {"uv": [7.5, 6.5, 8.5, 7.5], "texture": "#lever"}
			}
		},
		{
			"from": [7, 0, 4.5],
			"to": [9, 2.5, 11.5],
			"faces": {
				"north": {"uv": [7, 0.5, 9, 3], "texture": "#base"},
				"east": {"uv": [4, 13, 12, 16], "texture": "#base"},
				"south": {"uv": [7, 0.5, 9, 3], "texture": "#base"},
				"west": {"uv": [4, 13, 12, 16], "texture": "#base"},
				"up": {"uv": [3, 4.5, 5, 11.5], "texture": "#base"},
				"down": {"uv": [1.5, 4.5, 2.5, 11.5], "texture": "#base"}
			}
		},
		{
			"from": [7, 0, 11.5],
			"to": [9, 3, 12],
			"faces": {
				"north": {"uv": [3, 0, 5, 3], "texture": "#base"},
				"east": {"uv": [4, 13, 12, 16], "texture": "#base"},
				"south": {"uv": [3, 0, 5, 3], "texture": "#base"},
				"west": {"uv": [4, 13, 12, 16], "texture": "#base"},
				"up": {"uv": [3, 11.5, 5, 12], "texture": "#base"},
				"down": {"uv": [4.5, 4, 6.5, 4.5], "texture": "#base"}
			}
		},
		{
			"from": [7, 0, 4],
			"to": [9, 3, 4.5],
			"faces": {
				"north": {"uv": [3, 0, 5, 3], "texture": "#base"},
				"east": {"uv": [4, 13, 12, 16], "texture": "#base"},
				"south": {"uv": [3, 0, 5, 3], "texture": "#base"},
				"west": {"uv": [4, 13, 12, 16], "texture": "#base"},
				"up": {"uv": [3, 4, 5, 4.5], "texture": "#base"},
				"down": {"uv": [1.5, 11.5, 3.5, 12], "texture": "#base"}
			}
		}
	],
	"display": {
		"thirdperson_righthand": {
			"rotation": [100, 0, 0],
			"translation": [0, 0.75, 3.5],
			"scale": [0.5, 0.5, 0.5]
		},
		"thirdperson_lefthand": {
			"rotation": [100, 0, 0],
			"translation": [0, 0.75, 3.5],
			"scale": [0.5, 0.5, 0.5]
		},
		"firstperson_righthand": {
			"rotation": [50, 0, 0],
			"translation": [5, 0, 0]
		},
		"firstperson_lefthand": {
			"rotation": [50, 0, 0],
			"translation": [5, 0, 0]
		},
		"ground": {
			"translation": [0, 4, 0],
			"scale": [0.5, 0.5, 0.5]
		},
		"gui": {
			"rotation": [30, 40, 0],
			"translation": [0, 2.5, 0]
		},
		"head": {
			"translation": [0, 14.5, 0]
		},
		"fixed": {
			"rotation": [90, 0, 180],
			"translation": [0, 0, -8]
		}
	}
}