{
	"credit": "Made By WantedRobot",
	"parent": "block/tinted_cross",
	"ambientocclusion": false,
	"textures": {
		"pads": "block/lily_pad_pads_with_flower",
		"particle": "block/lily_pad_pads_with_flower",
		"cross": "block/lilypad_flower_roots"
	},
	"elements": [
		{
			"from": [5, -2, 3.25],
			"to": [9.5, -1.5, 4.25],
			"faces": {
				"north": {"uv": [9, 3.5, 4.5, 4], "texture": "#pads", "tintindex": 0},
				"east": {"uv": [5, 3.5, 4.5, 4.5], "rotation": 90, "texture": "#pads", "tintindex": 0},
				"south": {"uv": [5, 4, 4.5, 4.5], "texture": "#pads", "tintindex": 0},
				"west": {"uv": [9, 3.5, 8.5, 4.5], "rotation": 270, "texture": "#pads", "tintindex": 0},
				"up": {"uv": [9, 3.5, 4.5, 4.5], "texture": "#pads", "tintindex": 0},
				"down": {"uv": [9, 3.5, 4.5, 4.5], "texture": "#pads", "cullface": "down", "tintindex": 0}
			}
		},
		{
			"from": [5.5, -2, 2.25],
			"to": [10, -1.5, 3.25],
			"faces": {
				"north": {"uv": [8.5, 2.5, 4, 3], "texture": "#pads", "tintindex": 0},
				"east": {"uv": [4.5, 2.5, 4, 3.5], "rotation": 90, "texture": "#pads", "tintindex": 0},
				"south": {"uv": [4.5, 3, 4, 3.5], "texture": "#pads", "tintindex": 0},
				"west": {"uv": [8.5, 2.5, 8, 3.5], "rotation": 270, "texture": "#pads", "tintindex": 0},
				"up": {"uv": [8.5, 2.5, 4, 3.5], "texture": "#pads", "tintindex": 0},
				"down": {"uv": [8.5, 2.5, 4, 3.5], "texture": "#pads", "cullface": "down", "tintindex": 0}
			}
		},
		{
			"from": [6, -2, 1.75],
			"to": [10.5, -1.5, 2.25],
			"faces": {
				"north": {"uv": [8, 2, 3.5, 2.5], "texture": "#pads", "tintindex": 0},
				"east": {"uv": [4, 2, 3.5, 2.5], "texture": "#pads", "tintindex": 0},
				"south": {"uv": [4, 2, 3.5, 2.5], "texture": "#pads", "tintindex": 0},
				"west": {"uv": [8, 2, 7.5, 2.5], "texture": "#pads", "tintindex": 0},
				"up": {"uv": [8, 2, 3.5, 2.5], "texture": "#pads", "tintindex": 0},
				"down": {"uv": [8, 2, 3.5, 2.5], "texture": "#pads", "cullface": "down", "tintindex": 0}
			}
		},
		{
			"from": [6.5, -2, 1.25],
			"to": [10.5, -1.5, 1.75],
			"faces": {
				"north": {"uv": [7.5, 1.5, 3.5, 2], "texture": "#pads", "tintindex": 0},
				"east": {"uv": [4, 1.5, 3.5, 2], "texture": "#pads", "tintindex": 0},
				"west": {"uv": [7.5, 1.5, 7, 2], "texture": "#pads", "tintindex": 0},
				"up": {"uv": [7.5, 1.5, 3.5, 2], "texture": "#pads", "tintindex": 0},
				"down": {"uv": [7.5, 1.5, 3.5, 2], "texture": "#pads", "cullface": "down", "tintindex": 0}
			}
		},
		{
			"from": [7.5, -2, 0.75],
			"to": [10, -1.5, 1.25],
			"faces": {
				"north": {"uv": [4, 1, 6.5, 1.5], "texture": "#pads", "tintindex": 0},
				"east": {"uv": [4, 1, 4.5, 1.5], "texture": "#pads", "tintindex": 0},
				"west": {"uv": [6, 1, 6.5, 1.5], "texture": "#pads", "tintindex": 0},
				"up": {"uv": [4, 1, 6.5, 1.5], "texture": "#pads", "tintindex": 0},
				"down": {"uv": [4, 1, 6.5, 1.5], "texture": "#pads", "cullface": "down", "tintindex": 0}
			}
		},
		{
			"from": [5, -2, 4.25],
			"to": [9, -1.5, 4.75],
			"faces": {
				"east": {"uv": [5.5, 4.5, 5, 5], "texture": "#pads", "tintindex": 0},
				"west": {"uv": [9, 4.5, 8.5, 5], "texture": "#pads", "tintindex": 0},
				"up": {"uv": [9, 4.5, 5, 5], "texture": "#pads", "tintindex": 0},
				"down": {"uv": [9, 4.5, 5, 5], "texture": "#pads", "cullface": "down", "tintindex": 0}
			}
		},
		{
			"from": [5, -2, 4.75],
			"to": [12.5, -1.5, 5.75],
			"faces": {
				"north": {"uv": [9, 5, 1.5, 5.5], "rotation": 180, "texture": "#pads", "tintindex": 0},
				"east": {"uv": [2, 5, 1.5, 6], "texture": "#pads", "tintindex": 0},
				"south": {"uv": [9, 5.5, 8.5, 6], "texture": "#pads", "tintindex": 0},
				"west": {"uv": [9, 5, 8.5, 6], "rotation": 270, "texture": "#pads", "tintindex": 0},
				"up": {"uv": [9, 5, 1.5, 6], "texture": "#pads", "tintindex": 0},
				"down": {"uv": [9, 5, 1.5, 6], "texture": "#pads", "cullface": "down", "tintindex": 0}
			}
		},
		{
			"from": [5.5, -2, 5.75],
			"to": [12, -1.5, 6.75],
			"faces": {
				"east": {"uv": [2.5, 6, 2, 7], "texture": "#pads", "tintindex": 0},
				"south": {"uv": [8.5, 6, 2, 7], "texture": "#pads", "tintindex": 0},
				"west": {"uv": [8.5, 6, 8, 7], "texture": "#pads", "tintindex": 0},
				"up": {"uv": [8.5, 6, 2, 7], "texture": "#pads", "tintindex": 0},
				"down": {"uv": [8.5, 6, 2, 7], "texture": "#pads", "cullface": "down", "tintindex": 0}
			}
		},
		{
			"from": [6, -2, 6.75],
			"to": [11.5, -1.5, 7.25],
			"faces": {
				"east": {"uv": [3, 7, 2.5, 7.5], "texture": "#pads", "tintindex": 0},
				"south": {"uv": [8, 7, 2.5, 7.5], "texture": "#pads", "tintindex": 0},
				"west": {"uv": [8, 7, 7.5, 7.5], "texture": "#pads", "tintindex": 0},
				"up": {"uv": [8, 7, 2.5, 7.5], "texture": "#pads", "tintindex": 0},
				"down": {"uv": [8, 7, 2.5, 7.5], "texture": "#pads", "cullface": "down", "tintindex": 0}
			}
		},
		{
			"from": [6.5, -2, 7.25],
			"to": [11, -1.5, 7.75],
			"faces": {
				"east": {"uv": [3.5, 7.5, 3, 8], "texture": "#pads", "tintindex": 0},
				"south": {"uv": [7.5, 7.5, 3, 8], "texture": "#pads", "tintindex": 0},
				"west": {"uv": [7.5, 7.5, 7, 8], "texture": "#pads", "tintindex": 0},
				"up": {"uv": [7.5, 7.5, 3, 8], "texture": "#pads", "tintindex": 0},
				"down": {"uv": [7.5, 7.5, 3, 8], "texture": "#pads", "cullface": "down", "tintindex": 0}
			}
		},
		{
			"from": [7.5, -2, 7.75],
			"to": [10, -1.5, 8.25],
			"faces": {
				"east": {"uv": [6.5, 8, 4, 8.5], "texture": "#pads", "tintindex": 0},
				"south": {"uv": [6.5, 8, 4, 8.5], "texture": "#pads", "tintindex": 0},
				"west": {"uv": [6.5, 8, 4, 8.5], "texture": "#pads", "tintindex": 0},
				"up": {"uv": [6.5, 8, 4, 8.5], "texture": "#pads", "tintindex": 0},
				"down": {"uv": [6.5, 8, 4, 8.5], "texture": "#pads", "cullface": "down", "tintindex": 0}
			}
		},
		{
			"from": [10.5, -2, 4.25],
			"to": [12.5, -1.5, 4.75],
			"faces": {
				"north": {"uv": [3.5, 4.5, 1.5, 5], "texture": "#pads", "tintindex": 0},
				"east": {"uv": [2, 4.5, 1.5, 5], "texture": "#pads", "tintindex": 0},
				"west": {"uv": [3.5, 4.5, 3, 5], "texture": "#pads", "tintindex": 0},
				"up": {"uv": [3.5, 4.5, 1.5, 5], "texture": "#pads", "tintindex": 0},
				"down": {"uv": [3.5, 4.5, 1.5, 5], "texture": "#pads", "cullface": "down", "tintindex": 0}
			}
		},
		{
			"from": [10.5, -2, 8.75],
			"to": [12, -1.5, 9.25],
			"faces": {
				"north": {"uv": [4, 8.5, 2.5, 9], "texture": "#pads", "tintindex": 0},
				"east": {"uv": [3, 8.5, 2.5, 9], "texture": "#pads", "tintindex": 0},
				"west": {"uv": [4, 8.5, 2.5, 9], "texture": "#pads", "tintindex": 0},
				"up": {"uv": [4, 8.5, 2.5, 9], "texture": "#pads", "tintindex": 0},
				"down": {"uv": [4, 9, 2.5, 8.5], "texture": "#pads", "cullface": "down", "tintindex": 0}
			}
		},
		{
			"from": [9.5, -2, 9.25],
			"to": [13, -1.5, 9.75],
			"faces": {
				"north": {"uv": [5, 9, 1.5, 9.5], "texture": "#pads", "tintindex": 0},
				"east": {"uv": [2, 9, 1.5, 9.5], "texture": "#pads", "tintindex": 0},
				"west": {"uv": [5, 9, 4.5, 9.5], "texture": "#pads", "tintindex": 0},
				"up": {"uv": [5, 9, 1.5, 9.5], "texture": "#pads", "tintindex": 0},
				"down": {"uv": [5, 9.5, 1.5, 9], "texture": "#pads", "cullface": "down", "tintindex": 0}
			}
		},
		{
			"from": [9, -2, 9.75],
			"to": [13.5, -1.5, 10.25],
			"faces": {
				"north": {"uv": [5.5, 9.5, 5, 10], "texture": "#pads", "tintindex": 0},
				"east": {"uv": [1.5, 9.5, 1, 10], "texture": "#pads", "tintindex": 0},
				"west": {"uv": [5.5, 9.5, 5, 10], "texture": "#pads", "tintindex": 0},
				"up": {"uv": [5.5, 9.5, 1, 10], "texture": "#pads", "tintindex": 0},
				"down": {"uv": [5.5, 10, 1, 9.5], "texture": "#pads", "cullface": "down", "tintindex": 0}
			}
		},
		{
			"from": [8.5, -2, 10.25],
			"to": [14, -1.5, 11.25],
			"faces": {
				"north": {"uv": [6, 10, 0.5, 11], "texture": "#pads", "tintindex": 0},
				"east": {"uv": [1, 10, 0.5, 11], "rotation": 90, "texture": "#pads", "tintindex": 0},
				"west": {"uv": [6, 10, 5.5, 11], "texture": "#pads", "tintindex": 0},
				"up": {"uv": [6, 10, 0.5, 11], "texture": "#pads", "tintindex": 0},
				"down": {"uv": [6, 11, 0.5, 10], "texture": "#pads", "cullface": "down", "tintindex": 0}
			}
		},
		{
			"from": [8, -2, 11.25],
			"to": [14.5, -1.5, 12.25],
			"faces": {
				"north": {"uv": [6.5, 11, 0, 11.5], "texture": "#pads", "tintindex": 0},
				"east": {"uv": [0.5, 11, 0, 12], "rotation": 90, "texture": "#pads", "cullface": "east", "tintindex": 0},
				"south": {"uv": [6.5, 11.5, 0, 12], "texture": "#pads", "tintindex": 0},
				"west": {"uv": [6.5, 11, 6, 12], "texture": "#pads", "tintindex": 0},
				"up": {"uv": [6.5, 11, 0, 12], "texture": "#pads", "tintindex": 0},
				"down": {"uv": [6.5, 12, 0, 11], "texture": "#pads", "cullface": "down", "tintindex": 0}
			}
		},
		{
			"from": [8, -2, 12.25],
			"to": [11, -1.5, 12.75],
			"faces": {
				"east": {"uv": [4, 12, 3.5, 12.5], "texture": "#pads", "tintindex": 0},
				"south": {"uv": [6.5, 12, 3.5, 12.5], "texture": "#pads", "tintindex": 0},
				"west": {"uv": [6.5, 12, 6, 12.5], "texture": "#pads", "tintindex": 0},
				"up": {"uv": [6.5, 12, 3.5, 12.5], "texture": "#pads", "tintindex": 0},
				"down": {"uv": [6.5, 12.5, 3.5, 12], "texture": "#pads", "cullface": "down", "tintindex": 0}
			}
		},
		{
			"from": [8.5, -2, 12.75],
			"to": [11, -1.5, 13.75],
			"faces": {
				"east": {"uv": [4, 12.5, 3.5, 13.5], "rotation": 90, "texture": "#pads", "tintindex": 0},
				"south": {"uv": [6, 12.5, 3.5, 13.5], "texture": "#pads", "tintindex": 0},
				"west": {"uv": [6, 12.5, 5.5, 13.5], "rotation": 90, "texture": "#pads", "tintindex": 0},
				"up": {"uv": [6, 12.5, 3.5, 13.5], "texture": "#pads", "tintindex": 0},
				"down": {"uv": [6, 13.5, 3.5, 12.5], "texture": "#pads", "cullface": "down", "tintindex": 0}
			}
		},
		{
			"from": [9, -2, 13.75],
			"to": [11.5, -1.5, 14.25],
			"faces": {
				"north": {"uv": [5.5, 13.5, 3, 14], "texture": "#pads", "tintindex": 0},
				"east": {"uv": [3.5, 13.5, 3, 14], "texture": "#pads", "tintindex": 0},
				"south": {"uv": [5.5, 13.5, 3, 14], "texture": "#pads", "tintindex": 0},
				"west": {"uv": [5.5, 13.5, 5, 14], "texture": "#pads", "tintindex": 0},
				"up": {"uv": [5.5, 13.5, 3, 14], "texture": "#pads", "tintindex": 0},
				"down": {"uv": [5.5, 14, 3, 13.5], "texture": "#pads", "cullface": "down", "tintindex": 0}
			}
		},
		{
			"from": [9.5, -2, 14.25],
			"to": [11.5, -1.5, 14.75],
			"faces": {
				"east": {"uv": [3.5, 14, 3, 14.5], "rotation": 90, "texture": "#pads", "tintindex": 0},
				"south": {"uv": [5, 14, 3, 14.5], "texture": "#pads", "tintindex": 0},
				"west": {"uv": [5, 14, 4.5, 14.5], "texture": "#pads", "tintindex": 0},
				"up": {"uv": [5, 14, 3, 14.5], "texture": "#pads", "tintindex": 0},
				"down": {"uv": [5, 14.5, 3, 14], "texture": "#pads", "cullface": "down", "tintindex": 0}
			}
		},
		{
			"from": [10.5, -2, 14.75],
			"to": [11.5, -1.5, 15.25],
			"faces": {
				"east": {"uv": [3, 14.5, 4, 15], "texture": "#pads", "tintindex": 0},
				"south": {"uv": [3, 14.5, 4, 15], "texture": "#pads", "tintindex": 0},
				"west": {"uv": [3, 14.5, 4, 15], "texture": "#pads", "tintindex": 0},
				"up": {"uv": [3, 14.5, 4, 15], "texture": "#pads", "tintindex": 0},
				"down": {"uv": [3, 15, 4, 14.5], "texture": "#pads", "cullface": "down", "tintindex": 0}
			}
		},
		{
			"from": [13.5, -2, 12.75],
			"to": [14, -1.5, 13.25],
			"faces": {
				"east": {"uv": [1, 12.5, 0.5, 13], "texture": "#pads", "tintindex": 0},
				"south": {"uv": [1, 12.5, 0.5, 13], "texture": "#pads", "tintindex": 0},
				"west": {"uv": [1, 12.5, 0.5, 13], "texture": "#pads", "tintindex": 0},
				"up": {"uv": [1, 12.5, 0.5, 13], "texture": "#pads", "tintindex": 0},
				"down": {"uv": [1, 13, 0.5, 12.5], "texture": "#pads", "cullface": "down", "tintindex": 0}
			}
		},
		{
			"from": [12.5, -2, 12.25],
			"to": [14.5, -1.5, 12.75],
			"faces": {
				"east": {"uv": [0, 12, 0.5, 12.5], "texture": "#pads", "cullface": "east", "tintindex": 0},
				"south": {"uv": [0, 12, 2, 12.5], "texture": "#pads", "tintindex": 0},
				"west": {"uv": [0, 12, 2, 12.5], "texture": "#pads", "tintindex": 0},
				"up": {"uv": [0, 12, 2, 12.5], "texture": "#pads", "tintindex": 0},
				"down": {"uv": [0, 12.5, 2, 12], "texture": "#pads", "cullface": "down", "tintindex": 0}
			}
		},
		{
			"from": [1, -2, 10.25],
			"to": [2, -1.5, 10.75],
			"faces": {
				"east": {"uv": [11.5, 13, 12.5, 13.5], "texture": "#pads", "tintindex": 0},
				"south": {"uv": [11.5, 13, 12.5, 13.5], "texture": "#pads", "tintindex": 0},
				"west": {"uv": [11.5, 13, 12.5, 13.5], "texture": "#pads", "tintindex": 0},
				"up": {"uv": [11.5, 13, 12.5, 13.5], "texture": "#pads", "tintindex": 0},
				"down": {"uv": [11.5, 13, 12.5, 13.5], "texture": "#pads", "cullface": "down", "tintindex": 0}
			}
		},
		{
			"from": [1, -2, 9.25],
			"to": [6.5, -1.5, 10.25],
			"faces": {
				"north": {"uv": [12.5, 12, 7, 12.5], "texture": "#pads", "tintindex": 0},
				"east": {"uv": [7.5, 12, 7, 13], "rotation": 90, "texture": "#pads", "tintindex": 0},
				"south": {"uv": [12.5, 12.5, 7, 13], "texture": "#pads", "tintindex": 0},
				"west": {"uv": [12.5, 12, 12, 13], "rotation": 90, "texture": "#pads", "tintindex": 0},
				"up": {"uv": [12.5, 12, 7, 13], "texture": "#pads", "tintindex": 0},
				"down": {"uv": [12.5, 13, 7, 12], "texture": "#pads", "cullface": "down", "tintindex": 0}
			}
		},
		{
			"from": [1.5, -2, 8.25],
			"to": [6, -1.5, 9.25],
			"faces": {
				"north": {"uv": [12, 11, 7.5, 11.5], "texture": "#pads", "tintindex": 0},
				"east": {"uv": [8, 11, 7.5, 12], "texture": "#pads", "tintindex": 0},
				"west": {"uv": [12, 11, 11.5, 12], "texture": "#pads", "tintindex": 0},
				"up": {"uv": [12, 11, 7.5, 12], "texture": "#pads", "tintindex": 0},
				"down": {"uv": [12, 11, 7.5, 12], "texture": "#pads", "cullface": "down", "tintindex": 0}
			}
		},
		{
			"from": [2, -2, 7.75],
			"to": [5.5, -1.5, 8.25],
			"faces": {
				"north": {"uv": [8, 10.5, 11.5, 11], "texture": "#pads", "tintindex": 0},
				"east": {"uv": [8, 10.5, 8.5, 11], "texture": "#pads", "tintindex": 0},
				"west": {"uv": [11, 10.5, 11.5, 11], "texture": "#pads", "tintindex": 0},
				"up": {"uv": [11.5, 10.5, 8, 11], "texture": "#pads", "tintindex": 0},
				"down": {"uv": [8, 10.5, 11.5, 11], "texture": "#pads", "cullface": "down", "tintindex": 0}
			}
		},
		{
			"from": [3, -2, 7.25],
			"to": [4.5, -1.5, 7.75],
			"faces": {
				"north": {"uv": [9, 10, 10.5, 10.5], "texture": "#pads", "tintindex": 0},
				"east": {"uv": [9, 10, 10.5, 10.5], "texture": "#pads", "tintindex": 0},
				"west": {"uv": [10, 10, 10.5, 10.5], "texture": "#pads", "tintindex": 0},
				"up": {"uv": [9, 10, 10.5, 10.5], "texture": "#pads", "tintindex": 0},
				"down": {"uv": [9, 10, 10.5, 10.5], "texture": "#pads", "cullface": "down", "tintindex": 0}
			}
		},
		{
			"from": [3.5, -2, 10.25],
			"to": [6.5, -1.5, 10.75],
			"faces": {
				"east": {"uv": [7, 13, 7.5, 13.5], "texture": "#pads", "tintindex": 0},
				"south": {"uv": [7, 13, 10, 13.5], "texture": "#pads", "tintindex": 0},
				"west": {"uv": [9.5, 13, 10, 13.5], "texture": "#pads", "tintindex": 0},
				"up": {"uv": [10, 13, 7, 13.5], "texture": "#pads", "tintindex": 0},
				"down": {"uv": [7, 13, 10, 13.5], "texture": "#pads", "cullface": "down", "tintindex": 0}
			}
		},
		{
			"from": [3, -2, 10.75],
			"to": [6, -1.5, 11.75],
			"faces": {
				"north": {"uv": [10.5, 13.5, 7.5, 14], "rotation": 180, "texture": "#pads", "tintindex": 0},
				"east": {"uv": [8, 13.5, 7.5, 14.5], "texture": "#pads", "tintindex": 0},
				"south": {"uv": [10.5, 13.5, 7.5, 14.5], "texture": "#pads", "tintindex": 0},
				"west": {"uv": [10.5, 13.5, 10, 14.5], "rotation": 90, "texture": "#pads", "tintindex": 0},
				"up": {"uv": [10.5, 13.5, 7.5, 14.5], "texture": "#pads", "tintindex": 0},
				"down": {"uv": [10.5, 13.5, 7.5, 14.5], "texture": "#pads", "cullface": "down", "tintindex": 0}
			}
		},
		{
			"from": [3, -2, 11.75],
			"to": [5.5, -1.5, 12.25],
			"faces": {
				"east": {"uv": [8, 14.5, 8.5, 15], "texture": "#pads", "tintindex": 0},
				"south": {"uv": [8, 14.5, 10.5, 15], "texture": "#pads", "tintindex": 0},
				"west": {"uv": [10, 14.5, 10.5, 15], "rotation": 90, "texture": "#pads", "tintindex": 0},
				"up": {"uv": [10.5, 14.5, 8, 15], "texture": "#pads", "tintindex": 0},
				"down": {"uv": [8, 14.5, 10.5, 15], "texture": "#pads", "cullface": "down", "tintindex": 0}
			}
		},
		{
			"from": [3, -2, 12.25],
			"to": [4.5, -1.5, 12.75],
			"faces": {
				"east": {"uv": [9, 15, 10.5, 15.5], "texture": "#pads", "tintindex": 0},
				"south": {"uv": [9, 15, 10.5, 15.5], "texture": "#pads", "tintindex": 0},
				"west": {"uv": [9, 15, 10.5, 15.5], "texture": "#pads", "tintindex": 0},
				"up": {"uv": [9, 15, 10.5, 15.5], "texture": "#pads", "tintindex": 0},
				"down": {"uv": [9, 15, 10.5, 15.5], "texture": "#pads", "cullface": "down", "tintindex": 0}
			}
		},
		{
			"from": [0.8, -16, 8],
			"to": [15.2, -2, 8],
			"shade": false,
			"rotation": {"angle": 45, "axis": "y", "origin": [8, 8, 8], "rescale": true},
			"faces": {
				"north": {"uv": [0, 0, 16, 16], "texture": "#cross", "tintindex": 0},
				"south": {"uv": [0, 0, 16, 16], "texture": "#cross", "tintindex": 0}
			}
		},
		{
			"from": [8, -16, 0.8],
			"to": [8, -2, 15.2],
			"shade": false,
			"rotation": {"angle": 45, "axis": "y", "origin": [8, 8, 8], "rescale": true},
			"faces": {
				"east": {"uv": [0, 0, 16, 16], "texture": "#cross", "tintindex": 0},
				"west": {"uv": [0, 0, 16, 16], "texture": "#cross", "tintindex": 0}
			}
		}
	],
	"groups": [0, 1, 2, 3, 4, 5, 6, 7, 8, 9, 10, 11, 12, 13, 14, 15, 16, 17, 18, 19, 20, 21, 22, 23, 24, 25, 26, 27, 28, 29, 30, 31, 32,
		{
			"name": "2",
			"children": [
				{
					"name": "tinted_cross",
					"children": [33, 34]
				}
			]
		}
	]
}