{
	"credit": "Made By WantedRobot",
	"parent": "block/tinted_cross",
	"ambientocclusion": false,
	"textures": {
		"texture": "block/lily_pad",
		"particle": "block/lily_pad",
		"cross": "block/lilypad_roots"
	},
	"elements": [
		{
			"from": [7, -2, 0],
			"to": [8.5, -1.5, 16],
			"faces": {
				"north": {"uv": [9, 0, 7.5, 0.5], "texture": "#texture", "cullface": "north", "tintindex": 0},
				"east": {"uv": [8, 0, 7.5, 16], "rotation": 90, "texture": "#texture", "tintindex": 0},
				"south": {"uv": [9, 15.5, 7.5, 16], "texture": "#texture", "cullface": "south", "tintindex": 0},
				"west": {"uv": [9, 0, 8.5, 16], "rotation": 90, "texture": "#texture", "tintindex": 0},
				"up": {"uv": [9, 0, 7.5, 16], "texture": "#texture", "tintindex": 0},
				"down": {"uv": [9, 16, 7.5, 0], "texture": "#texture", "cullface": "down", "tintindex": 0}
			}
		},
		{
			"from": [6, -2, 0.5],
			"to": [7, -1.5, 15.5],
			"faces": {
				"north": {"uv": [10, 0.5, 9, 1], "texture": "#texture", "tintindex": 0},
				"south": {"uv": [10, 15, 9, 15.5], "texture": "#texture", "tintindex": 0},
				"west": {"uv": [10, 0.5, 9.5, 15.5], "rotation": 90, "texture": "#texture", "tintindex": 0},
				"up": {"uv": [10, 0.5, 9, 15.5], "texture": "#texture", "tintindex": 0},
				"down": {"uv": [10, 15.5, 9, 0.5], "texture": "#texture", "cullface": "down", "tintindex": 0}
			}
		},
		{
			"from": [5, -2, 1],
			"to": [6, -1.5, 15],
			"faces": {
				"north": {"uv": [11, 1, 10, 1.5], "texture": "#texture", "tintindex": 0},
				"south": {"uv": [11, 14.5, 10, 15], "texture": "#texture", "tintindex": 0},
				"west": {"uv": [11, 1, 10, 15], "rotation": 90, "texture": "#texture", "tintindex": 0},
				"up": {"uv": [11, 1, 10, 15], "texture": "#texture", "tintindex": 0},
				"down": {"uv": [11, 15, 10, 1], "texture": "#texture", "cullface": "down", "tintindex": 0}
			}
		},
		{
			"from": [4, -2, 1.5],
			"to": [5, -1.5, 14.5],
			"faces": {
				"north": {"uv": [12, 1.5, 11, 2], "texture": "#texture", "tintindex": 0},
				"south": {"uv": [12, 14, 11, 14.5], "texture": "#texture", "tintindex": 0},
				"west": {"uv": [12, 1.5, 11, 14.5], "rotation": 90, "texture": "#texture", "tintindex": 0},
				"up": {"uv": [12, 1.5, 11, 14.5], "texture": "#texture", "tintindex": 0},
				"down": {"uv": [12, 14.5, 11, 1.5], "texture": "#texture", "cullface": "down", "tintindex": 0}
			}
		},
		{
			"from": [3.5, -2, 2],
			"to": [4, -1.5, 14],
			"faces": {
				"north": {"uv": [12, 2, 12.5, 2.5], "texture": "#texture", "tintindex": 0},
				"south": {"uv": [12, 13.5, 12.5, 14], "texture": "#texture", "tintindex": 0},
				"west": {"uv": [12, 2, 12.5, 14], "rotation": 90, "texture": "#texture", "tintindex": 0},
				"up": {"uv": [12, 2, 12.5, 14], "texture": "#texture", "tintindex": 0},
				"down": {"uv": [12, 14, 12.5, 2], "texture": "#texture", "cullface": "down", "tintindex": 0}
			}
		},
		{
			"from": [3, -2, 2.5],
			"to": [3.5, -1.5, 13.5],
			"faces": {
				"north": {"uv": [12.5, 2.5, 13, 3], "texture": "#texture", "tintindex": 0},
				"south": {"uv": [12.5, 13, 13, 13.5], "texture": "#texture", "tintindex": 0},
				"west": {"uv": [12.5, 2.5, 13, 13.5], "rotation": 90, "texture": "#texture", "tintindex": 0},
				"up": {"uv": [12.5, 2.5, 13, 13.5], "texture": "#texture", "tintindex": 0},
				"down": {"uv": [12.5, 13.5, 13, 2.5], "texture": "#texture", "cullface": "down", "tintindex": 0}
			}
		},
		{
			"from": [2.5, -2, 3],
			"to": [3, -1.5, 13],
			"faces": {
				"north": {"uv": [13, 3, 13.5, 3.5], "texture": "#texture", "tintindex": 0},
				"south": {"uv": [13, 12.5, 13.5, 13], "texture": "#texture", "tintindex": 0},
				"west": {"uv": [13, 3, 13.5, 13], "rotation": 90, "texture": "#texture", "tintindex": 0},
				"up": {"uv": [13, 3, 13.5, 13], "texture": "#texture", "tintindex": 0},
				"down": {"uv": [13, 13, 13.5, 3], "texture": "#texture", "cullface": "down", "tintindex": 0}
			}
		},
		{
			"from": [2, -2, 4],
			"to": [2.5, -1.5, 12],
			"faces": {
				"north": {"uv": [13.5, 4, 14, 4.5], "texture": "#texture", "tintindex": 0},
				"south": {"uv": [13.5, 11.5, 14, 12], "texture": "#texture", "tintindex": 0},
				"west": {"uv": [13.5, 4, 14, 12], "rotation": 90, "texture": "#texture", "tintindex": 0},
				"up": {"uv": [13.5, 4, 14, 12], "texture": "#texture", "tintindex": 0},
				"down": {"uv": [13.5, 12, 14, 4], "texture": "#texture", "cullface": "down", "tintindex": 0}
			}
		},
		{
			"from": [1.5, -2, 5],
			"to": [2, -1.5, 11],
			"faces": {
				"north": {"uv": [14, 5, 14.5, 5.5], "texture": "#texture", "tintindex": 0},
				"south": {"uv": [14, 10.5, 14.5, 11], "texture": "#texture", "tintindex": 0},
				"west": {"uv": [14, 5, 14.5, 11], "rotation": 90, "texture": "#texture", "tintindex": 0},
				"up": {"uv": [14, 5, 14.5, 11], "texture": "#texture", "tintindex": 0},
				"down": {"uv": [14, 11, 14.5, 5], "texture": "#texture", "cullface": "down", "tintindex": 0}
			}
		},
		{
			"from": [1, -2, 6],
			"to": [1.5, -1.5, 10],
			"faces": {
				"north": {"uv": [14.5, 6, 15, 6.5], "texture": "#texture", "tintindex": 0},
				"south": {"uv": [14.5, 9.5, 15, 10], "texture": "#texture", "tintindex": 0},
				"west": {"uv": [14.5, 6, 15, 10], "texture": "#texture", "tintindex": 0},
				"up": {"uv": [14.5, 6, 15, 10], "texture": "#texture", "tintindex": 0},
				"down": {"uv": [14.5, 10, 15, 6], "texture": "#texture", "cullface": "down", "tintindex": 0}
			}
		},
		{
			"from": [8.5, -2, 8],
			"to": [10, -1.5, 16],
			"faces": {
				"north": {"uv": [7.5, 8, 6, 8.5], "rotation": 180, "texture": "#texture", "tintindex": 0},
				"east": {"uv": [6.5, 8, 6, 16], "rotation": 90, "texture": "#texture", "tintindex": 0},
				"south": {"uv": [7.5, 15.5, 6, 16], "texture": "#texture", "cullface": "south", "tintindex": 0},
				"up": {"uv": [7.5, 8, 6, 16], "texture": "#texture", "tintindex": 0},
				"down": {"uv": [7.5, 16, 6, 8], "texture": "#texture", "cullface": "down", "tintindex": 0}
			}
		},
		{
			"from": [10, -2, 8],
			"to": [10.5, -1.5, 15.5],
			"faces": {
				"north": {"uv": [5.5, 8, 6, 8.5], "texture": "#texture", "tintindex": 0},
				"east": {"uv": [5.5, 8, 6, 15.5], "rotation": 90, "texture": "#texture", "tintindex": 0},
				"south": {"uv": [5.5, 15, 6, 15.5], "texture": "#texture", "tintindex": 0},
				"up": {"uv": [5.5, 8, 6, 15.5], "texture": "#texture", "tintindex": 0},
				"down": {"uv": [5.5, 15.5, 6, 8], "texture": "#texture", "cullface": "down", "tintindex": 0}
			}
		},
		{
			"from": [11, -2, 8.5],
			"to": [12, -1.5, 15],
			"faces": {
				"north": {"uv": [5, 8.5, 4, 9], "texture": "#texture", "tintindex": 0},
				"east": {"uv": [4.5, 8.5, 4, 15], "rotation": 90, "texture": "#texture", "tintindex": 0},
				"south": {"uv": [5, 14.5, 4, 15], "texture": "#texture", "tintindex": 0},
				"up": {"uv": [5, 8.5, 4, 15], "texture": "#texture", "tintindex": 0},
				"down": {"uv": [5, 15, 4, 8.5], "texture": "#texture", "cullface": "down", "tintindex": 0}
			}
		},
		{
			"from": [12, -2, 8.5],
			"to": [13, -1.5, 14.5],
			"faces": {
				"north": {"uv": [4, 8.5, 3, 9], "texture": "#texture", "tintindex": 0},
				"east": {"uv": [3.5, 8.5, 3, 14.5], "rotation": 90, "texture": "#texture", "tintindex": 0},
				"south": {"uv": [4, 14, 3, 14.5], "texture": "#texture", "tintindex": 0},
				"up": {"uv": [4, 8.5, 3, 14.5], "texture": "#texture", "tintindex": 0},
				"down": {"uv": [4, 14.5, 3, 8.5], "texture": "#texture", "cullface": "down", "tintindex": 0}
			}
		},
		{
			"from": [13, -2, 8.5],
			"to": [13.5, -1.5, 14],
			"faces": {
				"north": {"uv": [2.5, 8.5, 3, 9], "texture": "#texture", "tintindex": 0},
				"east": {"uv": [2.5, 8.5, 3, 14], "rotation": 90, "texture": "#texture", "tintindex": 0},
				"south": {"uv": [2.5, 13.5, 3, 14], "texture": "#texture", "tintindex": 0},
				"up": {"uv": [2.5, 8.5, 3, 14], "texture": "#texture", "tintindex": 0},
				"down": {"uv": [2.5, 14, 3, 8.5], "texture": "#texture", "cullface": "down", "tintindex": 0}
			}
		},
		{
			"from": [10.5, -2, 8.5],
			"to": [11, -1.5, 15.5],
			"faces": {
				"north": {"uv": [5, 8.5, 5.5, 9], "texture": "#texture", "tintindex": 0},
				"east": {"uv": [5, 8.5, 5.5, 15.5], "rotation": 90, "texture": "#texture", "tintindex": 0},
				"south": {"uv": [5, 15, 5.5, 15.5], "texture": "#texture", "tintindex": 0},
				"up": {"uv": [5, 8.5, 5.5, 15.5], "texture": "#texture", "tintindex": 0},
				"down": {"uv": [5, 15.5, 5.5, 8.5], "texture": "#texture", "cullface": "down", "tintindex": 0}
			}
		},
		{
			"from": [13.5, -2, 8.5],
			"to": [14, -1.5, 13.5],
			"faces": {
				"north": {"uv": [2, 8.5, 2.5, 9], "texture": "#texture", "tintindex": 0},
				"east": {"uv": [2, 8.5, 2.5, 13.5], "rotation": 90, "texture": "#texture", "tintindex": 0},
				"south": {"uv": [2, 13, 2.5, 13.5], "texture": "#texture", "tintindex": 0},
				"up": {"uv": [2, 8.5, 2.5, 13.5], "texture": "#texture", "tintindex": 0},
				"down": {"uv": [2, 13.5, 2.5, 8.5], "texture": "#texture", "cullface": "down", "tintindex": 0}
			}
		},
		{
			"from": [14, -2, 8.5],
			"to": [14.5, -1.5, 13],
			"faces": {
				"north": {"uv": [1.5, 8.5, 2, 9], "texture": "#texture", "tintindex": 0},
				"east": {"uv": [1.5, 8.5, 2, 13], "rotation": 90, "texture": "#texture", "tintindex": 0},
				"south": {"uv": [1.5, 12.5, 2, 13], "texture": "#texture", "tintindex": 0},
				"up": {"uv": [1.5, 8.5, 2, 13], "texture": "#texture", "tintindex": 0},
				"down": {"uv": [1.5, 13, 2, 8.5], "texture": "#texture", "cullface": "down", "tintindex": 0}
			}
		},
		{
			"from": [14.5, -2, 8.5],
			"to": [15, -1.5, 12],
			"faces": {
				"north": {"uv": [1, 8.5, 1.5, 9], "texture": "#texture", "tintindex": 0},
				"east": {"uv": [1, 8.5, 1.5, 12], "rotation": 90, "texture": "#texture", "tintindex": 0},
				"south": {"uv": [1, 11.5, 1.5, 12], "texture": "#texture", "tintindex": 0},
				"up": {"uv": [1, 8.5, 1.5, 12], "texture": "#texture", "tintindex": 0},
				"down": {"uv": [1, 12, 1.5, 8.5], "texture": "#texture", "cullface": "down", "tintindex": 0}
			}
		},
		{
			"from": [15, -2, 9],
			"to": [15.5, -1.5, 11],
			"faces": {
				"north": {"uv": [0.5, 9, 1, 11], "texture": "#texture", "tintindex": 0},
				"east": {"uv": [0.5, 9, 1, 11], "rotation": 90, "texture": "#texture", "tintindex": 0},
				"south": {"uv": [0.5, 10.5, 1, 11], "texture": "#texture", "tintindex": 0},
				"up": {"uv": [0.5, 9, 1, 11], "texture": "#texture", "tintindex": 0},
				"down": {"uv": [0.5, 11, 1, 9], "texture": "#texture", "cullface": "down", "tintindex": 0}
			}
		},
		{
			"from": [8.5, -2, 0],
			"to": [9, -1.5, 7.5],
			"faces": {
				"north": {"uv": [7, 0, 7.5, 0.5], "texture": "#texture", "cullface": "north", "tintindex": 0},
				"east": {"uv": [7, 0, 7.5, 7.5], "rotation": 90, "texture": "#texture", "tintindex": 0},
				"south": {"uv": [7, 7, 7.5, 7.5], "texture": "#texture", "tintindex": 0},
				"up": {"uv": [7, 0, 7.5, 7.5], "texture": "#texture", "tintindex": 0},
				"down": {"uv": [7, 7.5, 7.5, 0], "texture": "#texture", "cullface": "down", "tintindex": 0}
			}
		},
		{
			"from": [9, -2, 0],
			"to": [10, -1.5, 7],
			"faces": {
				"north": {"uv": [7, 0, 6, 0.5], "texture": "#texture", "cullface": "north", "tintindex": 0},
				"east": {"uv": [7, 0, 6, 7], "rotation": 90, "texture": "#texture", "tintindex": 0},
				"south": {"uv": [7, 6.5, 6, 7], "texture": "#texture", "tintindex": 0},
				"up": {"uv": [7, 0, 6, 7], "texture": "#texture", "tintindex": 0},
				"down": {"uv": [7, 7, 6, 0], "texture": "#texture", "cullface": "down", "tintindex": 0}
			}
		},
		{
			"from": [10, -2, 0.5],
			"to": [10.5, -1.5, 6.5],
			"faces": {
				"north": {"uv": [5.5, 0.5, 6, 1], "texture": "#texture", "tintindex": 0},
				"east": {"uv": [5.5, 0.5, 6, 6.5], "rotation": 90, "texture": "#texture", "tintindex": 0},
				"south": {"uv": [5.5, 6, 6, 6.5], "texture": "#texture", "tintindex": 0},
				"up": {"uv": [5.5, 0.5, 6, 6.5], "texture": "#texture", "tintindex": 0},
				"down": {"uv": [5.5, 6.5, 6, 0.5], "texture": "#texture", "cullface": "down", "tintindex": 0}
			}
		},
		{
			"from": [10.5, -2, 0.5],
			"to": [11, -1.5, 6],
			"faces": {
				"north": {"uv": [5, 0.5, 5.5, 1], "texture": "#texture", "tintindex": 0},
				"east": {"uv": [5, 0.5, 5.5, 6], "rotation": 90, "texture": "#texture", "tintindex": 0},
				"south": {"uv": [5, 5.5, 5.5, 6], "texture": "#texture", "tintindex": 0},
				"up": {"uv": [5, 0.5, 5.5, 6], "texture": "#texture", "tintindex": 0},
				"down": {"uv": [5, 6, 5.5, 0.5], "texture": "#texture", "cullface": "down", "tintindex": 0}
			}
		},
		{
			"from": [13, -2, 2],
			"to": [13.5, -1.5, 3.5],
			"faces": {
				"north": {"uv": [2.5, 2, 3, 2.5], "texture": "#texture", "tintindex": 0},
				"east": {"uv": [2.5, 2, 3, 3.5], "rotation": 90, "texture": "#texture", "tintindex": 0},
				"south": {"uv": [2.5, 2, 3, 3.5], "texture": "#texture", "tintindex": 0},
				"up": {"uv": [2.5, 2, 3, 3.5], "texture": "#texture", "tintindex": 0},
				"down": {"uv": [2.5, 3.5, 3, 2], "texture": "#texture", "cullface": "down", "tintindex": 0}
			}
		},
		{
			"from": [11.5, -2, 1],
			"to": [12, -1.5, 5],
			"faces": {
				"north": {"uv": [4, 1, 4.5, 1.5], "texture": "#texture", "tintindex": 0},
				"east": {"uv": [4, 1, 4.5, 5], "rotation": 90, "texture": "#texture", "tintindex": 0},
				"south": {"uv": [4, 4.5, 4.5, 5], "texture": "#texture", "tintindex": 0},
				"up": {"uv": [4, 1, 4.5, 5], "texture": "#texture", "tintindex": 0},
				"down": {"uv": [4, 5, 4.5, 1], "texture": "#texture", "cullface": "down", "tintindex": 0}
			}
		},
		{
			"from": [11, -2, 1],
			"to": [11.5, -1.5, 5.5],
			"faces": {
				"north": {"uv": [4.5, 1, 5, 1.5], "texture": "#texture", "tintindex": 0},
				"east": {"uv": [4.5, 1, 5, 5.5], "rotation": 90, "texture": "#texture", "tintindex": 0},
				"south": {"uv": [4.5, 5, 5, 5.5], "texture": "#texture", "tintindex": 0},
				"up": {"uv": [4.5, 1, 5, 5.5], "texture": "#texture", "tintindex": 0},
				"down": {"uv": [4.5, 5.5, 5, 1], "texture": "#texture", "cullface": "down", "tintindex": 0}
			}
		},
		{
			"from": [12, -2, 1.5],
			"to": [12.5, -1.5, 4.5],
			"faces": {
				"north": {"uv": [3.5, 1.5, 4, 2], "texture": "#texture", "tintindex": 0},
				"east": {"uv": [3.5, 1.5, 4, 4.5], "rotation": 90, "texture": "#texture", "tintindex": 0},
				"south": {"uv": [3.5, 4, 4, 4.5], "texture": "#texture", "tintindex": 0},
				"up": {"uv": [3.5, 1.5, 4, 4.5], "texture": "#texture", "tintindex": 0},
				"down": {"uv": [3.5, 4.5, 4, 1.5], "texture": "#texture", "cullface": "down", "tintindex": 0}
			}
		},
		{
			"from": [12.5, -2, 1.5],
			"to": [13, -1.5, 4],
			"faces": {
				"north": {"uv": [3, 1.5, 3.5, 2], "texture": "#texture", "tintindex": 0},
				"east": {"uv": [3, 1.5, 3.5, 4], "rotation": 90, "texture": "#texture", "tintindex": 0},
				"south": {"uv": [3, 3.5, 3.5, 4], "texture": "#texture", "tintindex": 0},
				"up": {"uv": [3, 1.5, 3.5, 4], "texture": "#texture", "tintindex": 0},
				"down": {"uv": [3, 4, 3.5, 1.5], "texture": "#texture", "cullface": "down", "tintindex": 0}
			}
		},
		{
			"from": [0.8, -16, 8],
			"to": [15.2, -2, 8],
			"shade": false,
			"rotation": {"angle": 45, "axis": "y", "origin": [8, 8, 8], "rescale": true},
			"faces": {
				"north": {"uv": [0, 0, 16, 16], "texture": "#cross", "tintindex": 0},
				"south": {"uv": [0, 0, 16, 16], "texture": "#cross", "tintindex": 0}
			}
		},
		{
			"from": [8, -16, 0.8],
			"to": [8, -2, 15.2],
			"shade": false,
			"rotation": {"angle": 45, "axis": "y", "origin": [8, 8, 8], "rescale": true},
			"faces": {
				"east": {"uv": [0, 0, 16, 16], "texture": "#cross", "tintindex": 0},
				"west": {"uv": [0, 0, 16, 16], "texture": "#cross", "tintindex": 0}
			}
		}
	],
	"groups": [0, 1, 2, 3, 4, 5, 6, 7, 8, 9, 10, 11, 12, 13, 14, 15, 16, 17, 18, 19, 20, 21, 22, 23, 24, 25, 26, 27, 28,
		{
			"name": "tinted_cross",
			"children": [29, 30]
		}
	]
}