{
	"credit": "Made By WantedRobot",
	"ambientocclusion": false,
	"textures": {
		"top": "block/acacia_door_top",
		"particle": "block/acacia_door_top",
		"sides": "block/acacia_door_sides"
	},
	"elements": [
		{
			"from": [0, 1, 3.5],
			"to": [3, 1.5, 4.5],
			"faces": {
				"north": {"uv": [3.5, 14.5, 4.5, 15], "texture": "#top"},
				"east": {"uv": [3.5, 14.5, 4.5, 15], "texture": "#top"},
				"south": {"uv": [3.5, 14.5, 4.5, 15], "texture": "#top"},
				"west": {"uv": [3.5, 14.5, 4.5, 15], "texture": "#top"},
				"up": {"uv": [9, 3.5, 12, 4.5], "texture": "#sides"}
			}
		},
		{
			"from": [0, 1, 11.5],
			"to": [3, 1.5, 12.5],
			"faces": {
				"north": {"uv": [3.5, 14.5, 4.5, 15], "texture": "#top"},
				"east": {"uv": [3.5, 14.5, 4.5, 15], "texture": "#top"},
				"south": {"uv": [3.5, 14.5, 4.5, 15], "texture": "#top"},
				"west": {"uv": [3.5, 14.5, 4.5, 15], "texture": "#top"},
				"up": {"uv": [9, 3.5, 12, 4.5], "texture": "#sides"}
			}
		},
		{
			"from": [0, 0, 0],
			"to": [3, 1, 16],
			"faces": {
				"north": {"uv": [12, 0, 9, 1], "texture": "#sides", "cullface": "north"},
				"east": {"uv": [16, 15, 0, 16], "texture": "#top"},
				"south": {"uv": [9, 0, 12, 1], "texture": "#sides", "cullface": "south"},
				"west": {"uv": [16, 15, 0, 16], "texture": "#top", "cullface": "west"},
				"up": {"uv": [9, 0, 12, 16], "texture": "#sides", "cullface": "up"},
				"down": {"uv": [9, 0, 12, 16], "texture": "#sides"}
			}
		},
		{
			"from": [0, 13, 0],
			"to": [3, 16, 16],
			"faces": {
				"north": {"uv": [6, 0, 9, 3], "texture": "#sides", "cullface": "north"},
				"east": {"uv": [0, 0, 16, 3], "texture": "#top"},
				"south": {"uv": [6, 0, 9, 3], "texture": "#sides", "cullface": "south"},
				"west": {"uv": [16, 0, 0, 3], "texture": "#top", "cullface": "west"},
				"up": {"uv": [0, 0, 3, 16], "texture": "#sides", "cullface": "up"},
				"down": {"uv": [0, 0, 3, 16], "texture": "#sides"}
			}
		},
		{
			"from": [0.5, 1, 5],
			"to": [2.5, 13, 7],
			"faces": {
				"north": {"uv": [9, 3, 11, 15], "texture": "#top", "cullface": "north"},
				"east": {"uv": [9, 3, 11, 15], "texture": "#top"},
				"south": {"uv": [9, 3, 11, 15], "texture": "#top", "cullface": "south"},
				"west": {"uv": [11, 3, 9, 15], "texture": "#top", "cullface": "west"}
			}
		},
		{
			"from": [0.5, 1, 9],
			"to": [2.5, 13, 11],
			"faces": {
				"north": {"uv": [5, 3, 7, 15], "texture": "#top", "cullface": "north"},
				"east": {"uv": [5, 3, 7, 15], "texture": "#top"},
				"south": {"uv": [5, 3, 7, 15], "texture": "#top", "cullface": "south"},
				"west": {"uv": [7, 3, 5, 15], "texture": "#top", "cullface": "west"}
			}
		},
		{
			"from": [0, 1, 13],
			"to": [3, 13, 16],
			"faces": {
				"north": {"uv": [6, 3, 9, 15], "texture": "#sides", "cullface": "north"},
				"east": {"uv": [0, 3, 3, 15], "texture": "#top"},
				"south": {"uv": [12, 0, 15, 12], "texture": "#sides", "cullface": "south"},
				"west": {"uv": [3, 3, 0, 15], "texture": "#top", "cullface": "west"}
			}
		},
		{
			"from": [0, 1, 0],
			"to": [3, 13, 3],
			"faces": {
				"north": {"uv": [6, 3, 9, 15], "texture": "#sides", "cullface": "north"},
				"east": {"uv": [13, 3, 16, 15], "texture": "#top"},
				"south": {"uv": [6, 3, 9, 15], "texture": "#sides", "cullface": "south"},
				"west": {"uv": [16, 3, 13, 15], "texture": "#top", "cullface": "west"}
			}
		}
	]
}