{
	"credit": "Made By WantedRobot",
	"ambientocclusion": false,
	"textures": {
		"bottom": "block/acacia_door_bottom",
		"particle": "block/acacia_door_bottom",
		"sides": "block/acacia_door_sides"
	},
	"elements": [
		{
			"from": [0, 14.5, 3.5],
			"to": [3, 15, 4.5],
			"faces": {
				"north": {"uv": [11.5, 1, 12.5, 1.5], "texture": "#bottom"},
				"east": {"uv": [11.5, 1, 12.5, 1.5], "texture": "#bottom"},
				"south": {"uv": [11.5, 1, 12.5, 1.5], "texture": "#bottom"},
				"west": {"uv": [11.5, 1, 12.5, 1.5], "texture": "#bottom"},
				"up": {"uv": [11.5, 1, 12.5, 1.5], "texture": "#bottom"},
				"down": {"uv": [9, 11.5, 12, 12.5], "texture": "#sides"}
			}
		},
		{
			"from": [0, 14.5, 11.5],
			"to": [3, 15, 12.5],
			"faces": {
				"north": {"uv": [3.5, 1, 4.5, 1.5], "texture": "#bottom"},
				"east": {"uv": [3.5, 1, 4.5, 1.5], "texture": "#bottom"},
				"south": {"uv": [3.5, 1, 4.5, 1.5], "texture": "#bottom"},
				"west": {"uv": [3.5, 1, 4.5, 1.5], "texture": "#bottom"},
				"down": {"uv": [9, 3.5, 12, 4.5], "texture": "#sides"}
			}
		},
		{
			"from": [0, 15, 0],
			"to": [3, 16, 16],
			"faces": {
				"north": {"uv": [12, 15, 9, 16], "texture": "#sides", "cullface": "north"},
				"east": {"uv": [16, 0, 0, 1], "texture": "#bottom"},
				"south": {"uv": [9, 15, 12, 16], "texture": "#sides", "cullface": "south"},
				"west": {"uv": [0, 0, 16, 1], "texture": "#bottom", "cullface": "west"},
				"up": {"uv": [9, 0, 12, 16], "texture": "#sides"},
				"down": {"uv": [9, 0, 12, 16], "texture": "#sides", "cullface": "down"}
			}
		},
		{
			"from": [0, 0, 0],
			"to": [3, 3, 16],
			"faces": {
				"north": {"uv": [3, 13, 6, 16], "texture": "#sides", "cullface": "north"},
				"east": {"uv": [16, 13, 0, 16], "texture": "#bottom"},
				"south": {"uv": [3, 13, 6, 16], "texture": "#sides", "cullface": "south"},
				"west": {"uv": [0, 13, 16, 16], "texture": "#bottom", "cullface": "west"},
				"up": {"uv": [0, 0, 3, 16], "texture": "#sides"},
				"down": {"uv": [0, 0, 3, 16], "texture": "#sides", "cullface": "down"}
			}
		},
		{
			"from": [0, 3, 13],
			"to": [3, 15, 16],
			"faces": {
				"north": {"uv": [3, 1, 6, 13], "texture": "#sides", "cullface": "north"},
				"east": {"uv": [16, 1, 13, 13], "texture": "#bottom"},
				"south": {"uv": [3, 1, 6, 13], "texture": "#sides", "cullface": "south"},
				"west": {"uv": [13, 1, 16, 13], "texture": "#bottom", "cullface": "west"}
			}
		},
		{
			"from": [0.5, 3, 9],
			"to": [2.5, 15, 11],
			"faces": {
				"north": {"uv": [9, 1, 11, 13], "texture": "#bottom", "cullface": "north"},
				"east": {"uv": [11, 1, 9, 13], "texture": "#bottom"},
				"south": {"uv": [9, 1, 11, 13], "texture": "#bottom", "cullface": "south"},
				"west": {"uv": [9, 1, 11, 13], "texture": "#bottom", "cullface": "west"}
			}
		},
		{
			"from": [0.5, 3, 5],
			"to": [2.5, 15, 7],
			"faces": {
				"north": {"uv": [5, 1, 7, 13], "texture": "#bottom", "cullface": "north"},
				"east": {"uv": [7, 1, 5, 13], "texture": "#bottom"},
				"south": {"uv": [5, 1, 7, 13], "texture": "#bottom", "cullface": "south"},
				"west": {"uv": [5, 1, 7, 13], "texture": "#bottom", "cullface": "west"}
			}
		},
		{
			"from": [0, 3, 0],
			"to": [3, 15, 3],
			"faces": {
				"north": {"uv": [12, 4, 15, 16], "texture": "#sides", "cullface": "north"},
				"east": {"uv": [3, 1, 0, 13], "texture": "#bottom"},
				"south": {"uv": [3, 1, 6, 13], "texture": "#sides", "cullface": "south"},
				"west": {"uv": [0, 1, 3, 13], "texture": "#bottom", "cullface": "west"}
			}
		}
	]
}