{"ambientocclusion":false,"elements":[{"name":"post_left","from":[0.0,2.0,7.0],"to":[2.0,13.0,9.0],"faces":{"north":{"texture":"#0","uv":[0.0,0.0,2.0,11.0]},"east":{"texture":"#0","uv":[0.0,0.0,2.0,11.0]},"south":{"texture":"#0","uv":[0.0,0.0,2.0,11.0]},"west":{"texture":"#0","uv":[0.0,0.0,2.0,11.0],"cullface":"west"},"up":{"texture":"#0","uv":[0.0,11.0,2.0,13.0],"rotation":180},"down":{"texture":"#0","uv":[0.0,11.0,2.0,13.0],"rotation":180}}},{"name":"post_right","from":[14.0,2.0,7.0],"to":[16.0,13.0,9.0],"faces":{"north":{"texture":"#0","uv":[0.0,0.0,2.0,11.0]},"east":{"texture":"#0","uv":[0.0,0.0,2.0,11.0],"cullface":"east"},"south":{"texture":"#0","uv":[0.0,0.0,2.0,11.0]},"west":{"texture":"#0","uv":[0.0,0.0,2.0,11.0]},"up":{"texture":"#0","uv":[0.0,11.0,2.0,13.0]},"down":{"texture":"#0","uv":[0.0,11.0,2.0,13.0]}}},{"name":"gate_left","from":[0.0,3.0,13.0],"to":[2.0,12.0,15.0],"faces":{"north":{"texture":"#0","uv":[2.0,0.0,4.0,9.0]},"east":{"texture":"#0","uv":[2.0,0.0,4.0,9.0]},"south":{"texture":"#0","uv":[2.0,0.0,4.0,9.0]},"west":{"texture":"#0","uv":[2.0,0.0,4.0,9.0]},"up":{"texture":"#0","uv":[0.0,11.0,2.0,13.0],"rotation":180},"down":{"texture":"#0","uv":[0.0,11.0,2.0,13.0],"rotation":180}}},{"name":"gate_right","from":[14.0,3.0,13.0],"to":[16.0,12.0,15.0],"faces":{"north":{"texture":"#0","uv":[2.0,0.0,4.0,9.0]},"east":{"texture":"#0","uv":[2.0,0.0,4.0,9.0]},"south":{"texture":"#0","uv":[2.0,0.0,4.0,9.0]},"west":{"texture":"#0","uv":[2.0,0.0,4.0,9.0]},"up":{"texture":"#0","uv":[0.0,11.0,2.0,13.0]},"down":{"texture":"#0","uv":[0.0,11.0,2.0,13.0]}}},{"name":"bar_left_btm","from":[0.0,3.0,9.0],"to":[2.0,6.0,13.0],"faces":{"east":{"texture":"#0","uv":[8.0,0.0,12.0,3.0]},"west":{"texture":"#0","uv":[4.0,0.0,8.0,3.0]},"up":{"texture":"#0","uv":[4.0,3.0,8.0,5.0],"rotation":90},"down":{"texture":"#0","uv":[4.0,3.0,8.0,5.0],"rotation":90}}},{"name":"bar_left_top","from":[0.0,9.0,9.0],"to":[2.0,12.0,13.0],"faces":{"east":{"texture":"#0","uv":[8.0,0.0,12.0,3.0]},"west":{"texture":"#0","uv":[4.0,0.0,8.0,3.0]},"up":{"texture":"#0","uv":[4.0,3.0,8.0,5.0],"rotation":90},"down":{"texture":"#0","uv":[4.0,3.0,8.0,5.0],"rotation":90}}},{"name":"bar_right_btm","from":[14.0,3.0,9.0],"to":[16.0,6.0,13.0],"faces":{"east":{"texture":"#0","uv":[8.0,0.0,12.0,3.0]},"west":{"texture":"#0","uv":[4.0,0.0,8.0,3.0]},"up":{"texture":"#0","uv":[7.0,3.0,11.0,5.0],"rotation":270},"down":{"texture":"#0","uv":[7.0,3.0,11.0,5.0],"rotation":270}}},{"name":"bar_right_top","from":[14.0,9.0,9.0],"to":[16.0,12.0,13.0],"faces":{"east":{"texture":"#0","uv":[8.0,0.0,12.0,3.0]},"west":{"texture":"#0","uv":[4.0,0.0,8.0,3.0]},"up":{"texture":"#0","uv":[7.0,3.0,11.0,5.0],"rotation":270},"down":{"texture":"#0","uv":[7.0,3.0,11.0,5.0],"rotation":270}}}]}