{
	"credit": "Made By WantedRobot",
	"ambientocclusion": false,
	"textures": {
		"bottom": "block/jungle_door_bottom",
		"particle": "block/jungle_door_bottom",
		"sides": "block/jungle_door_sides"
	},
	"elements": [
		{
			"from": [0, 0, 0],
			"to": [3, 16, 16],
			"faces": {
				"north": {"uv": [3, 0, 6, 16], "texture": "#sides", "cullface": "north"},
				"east": {"uv": [0, 0, 16, 16], "texture": "#bottom"},
				"south": {"uv": [3, 0, 0, 16], "texture": "#bottom", "cullface": "south"},
				"west": {"uv": [16, 0, 0, 16], "texture": "#bottom", "cullface": "west"},
				"up": {"uv": [9, 0, 12, 16], "texture": "#sides"},
				"down": {"uv": [0, 0, 3, 16], "texture": "#sides", "cullface": "down"}
			}
		}
	]
}