{
	"credit": "Made with Blockbench",
	"ambientocclusion": false,
	"textures": {
		"edge": "block/iron_bars",
		"particle": "block/iron_bars"
	},
	"elements": [
		{
			"name": "cube",
			"from": [7, 0.001, 7],
			"to": [9, 0.001, 9],
			"faces": {
				"up": {
					"uv": [7, 7, 9, 9],
					"texture": "#edge",
					"rotation": 90
				},
				"down": {"uv": [7, 7, 9, 9], "texture": "#edge"}
			}
		},
		{
			"name": "cube",
			"from": [7, 15.999, 7],
			"to": [9, 15.999, 9],
			"faces": {
				"up": {
					"uv": [7, 7, 9, 9],
					"texture": "#edge",
					"rotation": 90
				},
				"down": {"uv": [7, 7, 9, 9], "texture": "#edge"}
			}
		}
	]
}