{
	"credit": "Made with Blockbench",
	"ambientocclusion": false,
	"textures": {
		"0": "block/iron_bars",
		"1": "block/iron_bar",
		"particle": "block/iron_bars"
	},
	"elements": [
		{
			"name": "cube",
			"from": [7, 0, 7],
			"to": [9, 16, 9],
			"faces": {
				"north": {"uv": [7, 0, 9, 16], "texture": "#1"},
				"east": {"uv": [7, 0, 9, 16], "texture": "#0"},
				"south": {"uv": [7, 0, 9, 16], "texture": "#1"},
				"west": {"uv": [7, 0, 9, 16], "texture": "#0"},
				"up": {
					"uv": [7, 7.5, 9, 9.5],
					"texture": "#1",
					"rotation": 90
				},
				"down": {
					"uv": [7, 7.5, 9, 9.5],
					"texture": "#1",
					"rotation": 90
				}
			}
		},
		{
			"name": "cube",
			"from": [7, 11.5, 6.5],
			"to": [9, 13, 7],
			"faces": {
				"north": {"uv": [2, 0, 4, 1.5], "texture": "#0"},
				"east": {"uv": [1.5, 3, 2, 4.5], "texture": "#0"},
				"south": {"uv": [0, 0, 2, 1.5], "texture": "#0"},
				"west": {"uv": [1.5, 3, 2, 4.5], "texture": "#0"},
				"up": {
					"uv": [2, 0, 4, 0.5],
					"texture": "#0",
					"rotation": 180
				},
				"down": {
					"uv": [2, 0, 4, 0.5],
					"texture": "#0",
					"rotation": 180
				}
			}
		},
		{
			"name": "cube",
			"from": [7, 2.5, 6.5],
			"to": [9, 4, 7],
			"faces": {
				"north": {"uv": [2, 0, 4, 1.5], "texture": "#0"},
				"east": {
					"uv": [1.5, 3, 1.75, 3.75],
					"texture": "#0"
				},
				"south": {"uv": [0, 0, 1, 0.75], "texture": "#0"},
				"west": {
					"uv": [1.5, 3, 1.75, 3.75],
					"texture": "#0"
				},
				"up": {
					"uv": [2, 0, 4, 0.5],
					"texture": "#0",
					"rotation": 180
				},
				"down": {
					"uv": [2, 0, 4, 0.5],
					"texture": "#0",
					"rotation": 180
				}
			}
		},
		{
			"name": "cube",
			"from": [7, 2.5, 9],
			"to": [9, 4, 9.5],
			"faces": {
				"north": {"uv": [1, 0, 2, 0.75], "texture": "#0"},
				"east": {"uv": [1.75, 3, 2, 3.75], "texture": "#0"},
				"south": {"uv": [2, 0, 4, 1.5], "texture": "#0"},
				"west": {"uv": [1.75, 3, 2, 3.75], "texture": "#0"},
				"up": {"uv": [2, 0, 4, 0.5], "texture": "#0"},
				"down": {
					"uv": [2, 0, 4, 0.5],
					"texture": "#0",
					"rotation": 90
				}
			}
		},
		{
			"name": "cube",
			"from": [7, 11.5, 9],
			"to": [9, 13, 9.5],
			"faces": {
				"north": {"uv": [1, 0, 2, 0.75], "texture": "#0"},
				"east": {"uv": [1.75, 3, 2, 3.75], "texture": "#0"},
				"south": {"uv": [2, 0, 4, 1.5], "texture": "#0"},
				"west": {"uv": [1.75, 3, 2, 3.75], "texture": "#0"},
				"up": {"uv": [2, 0, 4, 0.5], "texture": "#0"},
				"down": {"uv": [2, 0, 4, 0.5], "texture": "#0"}
			}
		}
	],
	"groups": [
		0,
		{
			"name": "iron_bars_side",
			"isOpen": true,
			"shade": true,
			"display": {"visibility": true, "autouv": true},
			"children": [1, 2, 3, 4]
		}
	]
}