{
	"credit": "Made with Blockbench",
	"ambientocclusion": false,
	"textures": {
		"0": "block/iron_bar",
		"1_edge": "block/iron_bars",
		"particle": "block/iron_bars"
	},
	"elements": [
		{
			"name": "cube",
			"from": [7, 0, 9],
			"to": [9, 16, 9],
			"faces": {
				"south": {"uv": [7, 0, 9, 16], "texture": "#0"}
			}
		},
		{
			"name": "cube",
			"from": [7, 0, 12],
			"to": [9, 16, 14],
			"faces": {
				"north": {"uv": [7, 0, 9, 16], "texture": "#0"},
				"east": {
					"uv": [14, 0, 12, 16],
					"texture": "#1_edge"
				},
				"south": {"uv": [7, 0, 9, 16], "texture": "#0"},
				"west": {
					"uv": [12, 0, 14, 16],
					"texture": "#1_edge"
				},
				"up": {
					"uv": [2, 12.5, 4, 14.5],
					"texture": "#1_edge",
					"rotation": 90
				},
				"down": {
					"uv": [2, 14, 4, 16],
					"texture": "#1_edge",
					"rotation": 90
				}
			}
		},
		{
			"name": "cube",
			"from": [7, 6.5009999999999994, 14],
			"to": [9, 9.001, 16],
			"faces": {
				"east": {
					"uv": [0, 7, 2, 9.5],
					"texture": "#1_edge"
				},
				"west": {
					"uv": [2, 7, 0, 9.5],
					"texture": "#1_edge"
				},
				"up": {"uv": [12, 0, 14, 2], "texture": "#0"},
				"down": {
					"uv": [12, 0, 14, 2],
					"texture": "#0",
					"rotation": 180
				}
			}
		},
		{
			"name": "cube",
			"from": [7, 1.9990000000000006, 9],
			"to": [9, 4.4990000000000006, 12],
			"faces": {
				"east": {
					"uv": [4, 2.5, 7, 5],
					"texture": "#1_edge"
				},
				"west": {
					"uv": [7, 2.5, 4, 5],
					"texture": "#1_edge"
				},
				"up": {
					"uv": [4, 2.5, 7, 5],
					"texture": "#0",
					"rotation": 270
				},
				"down": {
					"uv": [4, 2.5, 7, 5],
					"texture": "#0",
					"rotation": 270
				}
			}
		},
		{
			"name": "cube",
			"from": [7, 2.5, 14],
			"to": [9, 4, 14.5],
			"faces": {
				"north": {
					"uv": [0, 0, 2, 1.5],
					"texture": "#1_edge"
				},
				"east": {
					"uv": [1.5, 3, 2, 4.5],
					"texture": "#1_edge"
				},
				"south": {
					"uv": [2, 0, 4, 1.5],
					"texture": "#1_edge"
				},
				"west": {
					"uv": [1.5, 3, 2, 4.5],
					"texture": "#1_edge"
				},
				"up": {"uv": [2, 0, 4, 0.5], "texture": "#1_edge"},
				"down": {"uv": [2, 0, 4, 0.5], "texture": "#1_edge"}
			}
		},
		{
			"name": "cube",
			"from": [7, 11.5, 9],
			"to": [9, 13, 9.5],
			"faces": {
				"north": {
					"uv": [0, 0, 1, 0.75],
					"texture": "#1_edge"
				},
				"east": {
					"uv": [1.5, 3, 1.75, 3.75],
					"texture": "#1_edge"
				},
				"south": {
					"uv": [2, 0, 4, 1.5],
					"texture": "#1_edge"
				},
				"west": {
					"uv": [1.5, 3, 1.75, 3.75],
					"texture": "#1_edge"
				},
				"up": {"uv": [2, 0, 4, 0.5], "texture": "#1_edge"},
				"down": {"uv": [2, 0, 4, 0.5], "texture": "#1_edge"}
			}
		}
	],
	"groups": [
		{
			"name": "iron_bars_side",
			"isOpen": true,
			"shade": true,
			"display": {"visibility": true, "autouv": true},
			"children": [0, 1, 2, 3, 4, 5]
		}
	]
}