{
	"credit": "Made with Blockbench",
	"ambientocclusion": false,
	"textures": {
		"0": "block/iron_bar",
		"edge": "block/iron_bars",
		"particle": "block/iron_bars"
	},
	"elements": [
		{
			"name": "cube",
			"from": [7, 0, 7],
			"to": [9, 16, 7],
			"faces": {
				"north": {"uv": [7, 0, 9, 16], "texture": "#0"}
			}
		},
		{
			"name": "cube",
			"from": [7, 0, 2],
			"to": [9, 16, 4],
			"faces": {
				"north": {"uv": [7, 0, 9, 16], "texture": "#0"},
				"east": {"uv": [4, 0, 2, 16], "texture": "#edge"},
				"south": {"uv": [7, 0, 9, 16], "texture": "#0"},
				"west": {"uv": [2, 0, 4, 16], "texture": "#edge"},
				"up": {
					"uv": [2, 12.5, 4, 14.5],
					"texture": "#edge"
				},
				"down": {"uv": [2, 14, 4, 16], "texture": "#edge"}
			}
		},
		{
			"name": "cube",
			"from": [7, 6.5009999999999994, 0],
			"to": [9, 9.001, 2],
			"faces": {
				"east": {"uv": [2, 7, 0, 9.5], "texture": "#edge"},
				"west": {"uv": [0, 7, 2, 9.5], "texture": "#edge"},
				"up": {
					"uv": [12, 0, 14, 2],
					"texture": "#0",
					"rotation": 180
				},
				"down": {"uv": [12, 0, 14, 2], "texture": "#0"}
			}
		},
		{
			"name": "cube",
			"from": [7, 10.999, 4],
			"to": [9, 13.499, 7],
			"faces": {
				"east": {"uv": [7, 2.5, 4, 5], "texture": "#edge"},
				"west": {"uv": [4, 2.5, 7, 5], "texture": "#edge"},
				"up": {
					"uv": [4, 2.5, 7, 5],
					"texture": "#0",
					"rotation": 90
				},
				"down": {
					"uv": [4, 2.5, 7, 5],
					"texture": "#0",
					"rotation": 90
				}
			}
		},
		{
			"name": "cube",
			"from": [7, 11.5, 1.5],
			"to": [9, 13, 2],
			"faces": {
				"north": {"uv": [2, 0, 4, 1.5], "texture": "#edge"},
				"east": {
					"uv": [1.5, 3, 2, 4.5],
					"texture": "#edge"
				},
				"south": {"uv": [0, 0, 2, 1.5], "texture": "#edge"},
				"west": {
					"uv": [1.5, 3, 2, 4.5],
					"texture": "#edge"
				},
				"up": {
					"uv": [2, 0, 4, 0.5],
					"texture": "#edge",
					"rotation": 180
				},
				"down": {
					"uv": [2, 0, 4, 0.5],
					"texture": "#edge",
					"rotation": 180
				}
			}
		},
		{
			"name": "cube",
			"from": [7, 2.5, 6.5],
			"to": [9, 4, 7],
			"faces": {
				"north": {"uv": [2, 0, 4, 1.5], "texture": "#edge"},
				"east": {
					"uv": [1.5, 3, 1.75, 3.75],
					"texture": "#edge"
				},
				"south": {
					"uv": [0, 0, 1, 0.75],
					"texture": "#edge"
				},
				"west": {
					"uv": [1.5, 3, 1.75, 3.75],
					"texture": "#edge"
				},
				"up": {
					"uv": [2, 0, 4, 0.5],
					"texture": "#edge",
					"rotation": 180
				},
				"down": {
					"uv": [2, 0, 4, 0.5],
					"texture": "#edge",
					"rotation": 180
				}
			}
		}
	]
}