{
	"credit": "Made with Blockbench",
	"ambientocclusion": false,
	"textures": {
		"0": "block/iron_bar",
		"edge": "block/iron_bars",
		"particle": "block/iron_bars"
	},
	"elements": [
		{
			"name": "cube",
			"from": [7, 0, 9],
			"to": [9, 16, 9],
			"faces": {
				"south": {"uv": [7, 0, 9, 16], "texture": "#0"}
			}
		},
		{
			"name": "cube",
			"from": [7, 3, 9],
			"to": [9, 4.5, 9.5],
			"faces": {
				"north": {"uv": [0, 0, 2, 1.5], "texture": "#edge"},
				"east": {
					"uv": [1.5, 3, 2, 4.5],
					"texture": "#edge"
				},
				"south": {"uv": [7, 8, 9, 9.5], "texture": "#edge"},
				"west": {
					"uv": [1.5, 3, 2, 4.5],
					"texture": "#edge"
				},
				"up": {"uv": [2, 0, 4, 0.5], "texture": "#edge"},
				"down": {"uv": [2, 0, 4, 0.5], "texture": "#edge"}
			}
		},
		{
			"name": "cube",
			"from": [7, 11.5, 9],
			"to": [9, 13, 9.5],
			"faces": {
				"north": {
					"uv": [0, 0, 1, 0.75],
					"texture": "#edge"
				},
				"east": {
					"uv": [1.5, 3, 1.75, 3.75],
					"texture": "#edge"
				},
				"south": {"uv": [7, 7.5, 9, 9], "texture": "#edge"},
				"west": {
					"uv": [1.5, 3, 1.75, 3.75],
					"texture": "#edge"
				},
				"up": {"uv": [2, 0, 4, 0.5], "texture": "#edge"},
				"down": {"uv": [2, 0, 4, 0.5], "texture": "#edge"}
			}
		}
	]
}