{
	"credit": "Made By WantedRobot",
	"ambientocclusion": false,
	"textures": {
		"top": "block/iron_door_top",
		"particle": "block/iron_door_top",
		"sides": "block/iron_door_sides"
	},
	"elements": [
		{
			"from": [0, 0, 0],
			"to": [3, 16, 16],
			"faces": {
				"north": {"uv": [6, 0, 9, 16], "texture": "#sides", "cullface": "north"},
				"east": {"uv": [16, 0, 0, 16], "texture": "#top"},
				"south": {"uv": [9, 0, 6, 16], "texture": "#sides", "cullface": "south"},
				"west": {"uv": [0, 0, 16, 16], "texture": "#top", "cullface": "west"},
				"up": {"uv": [3, 0, 0, 16], "texture": "#sides", "cullface": "up"},
				"down": {"uv": [9, 0, 12, 16], "texture": "#sides"}
			}
		},
		{
			"from": [0, 2, 7],
			"to": [3, 10, 7],
			"faces": {
				"south": {"uv": [12, 0, 15, 8], "texture": "#sides", "cullface": "south"}
			}
		},
		{
			"from": [0, 2, 9],
			"to": [3, 10, 9],
			"faces": {
				"north": {"uv": [12, 8, 15, 16], "texture": "#sides", "cullface": "north"}
			}
		},
		{
			"from": [0, 2, 7],
			"to": [3, 2, 9],
			"faces": {
				"up": {"uv": [12, 5, 15, 7], "texture": "#sides", "cullface": "up"}
			}
		},
		{
			"from": [0, 10, 7],
			"to": [3, 10, 9],
			"faces": {
				"down": {"uv": [12, 9, 15, 11], "texture": "#sides"}
			}
		}
	]
}